"id","timestamp","truckId","excavatorId","supportEquipmentId","previousStatus","currentStatus","statusReason","location","durationMinutes","remarks"
"cmifyj6bj0gye2o7gcbba4ulm","2025-11-21T08:04:46.397Z","cmifyivz704g22o7gt1eitywh",,,"LOADING","HAULING","Status change recorded","Location-2",152,
"cmifyj6bm0gyg2o7g0rxzm1fs","2025-11-21T09:04:46.397Z","cmifyivz904g42o7gsg0z036g",,,"MAINTENANCE","REFUELING","Status change recorded","Location-3",77,
"cmifyj6bn0gyi2o7guy266u71","2025-11-21T23:04:46.397Z","cmifyivzb04g62o7g01pbxv7p",,,"HAULING","MAINTENANCE","Status change recorded","Location-1",108,
"cmifyj6bp0gyk2o7ggitekdmj","2025-11-20T15:04:46.397Z","cmifyivzc04g82o7g3527hbhj",,,"REFUELING","REFUELING",,"Location-1",165,
"cmifyj6bq0gym2o7gmm0eyjb0","2025-11-19T21:04:46.397Z",,"cmifyiwpf05dh2o7g2luaxcaw",,"MAINTENANCE","BREAKDOWN","Status change recorded","Location-16",37,
"cmifyj6br0gyo2o7gaotutuo3","2025-11-20T06:04:46.397Z",,"cmifyiwpg05di2o7gyhub77k7",,"IDLE","BREAKDOWN","Status change recorded","Location-8",38,
"cmifyj6bs0gyq2o7gk4kfpfu3","2025-11-25T11:04:46.397Z","cmifyivzi04ge2o7gojjs9hmm",,,"LOADING","HAULING","Status change recorded","Location-10",66,
"cmifyj6bu0gys2o7g8zqxbwle","2025-11-23T02:04:46.397Z","cmifyivzk04gg2o7g1qgillqi",,,"LOADING","LOADING",,"Location-4",126,
"cmifyj6bv0gyu2o7gcxf1f10v","2025-11-23T18:04:46.397Z","cmifyivzl04gi2o7g0gweba7n",,,"DUMPING","DUMPING",,"Location-18",66,
"cmifyj6bw0gyw2o7gkmutuwu5","2025-11-20T11:04:46.397Z",,"cmifyiwpl05dm2o7g8eys5ifn",,"MAINTENANCE","IDLE","Status change recorded","Location-6",95,
"cmifyj6bx0gyy2o7gx1rlkc7r","2025-11-20T13:04:46.397Z","cmifyivzo04gm2o7g1qqupeae",,,"LOADING","LOADING",,"Location-14",11,
"cmifyj6by0gz02o7g69rqtv1c","2025-11-20T11:04:46.397Z","cmifyivzq04go2o7gn5yls4pg",,,"LOADING","HAULING","Status change recorded","Location-10",163,
"cmifyj6bz0gz22o7gxs5oaqrb","2025-11-26T06:04:46.397Z","cmifyivzs04gq2o7gfhrscjwl",,,"DUMPING","HAULING","Status change recorded","Location-1",75,
"cmifyj6c00gz42o7gas9ghigz","2025-11-21T03:04:46.397Z",,"cmifyiwpq05dq2o7ggpmx7huq",,"IDLE","IDLE",,"Location-13",82,
"cmifyj6c10gz62o7gv7v28kot","2025-11-24T15:04:46.397Z","cmifyivzv04gu2o7gcepv8scx",,,"REFUELING","LOADING","Status change recorded","Location-20",176,
"cmifyj6c20gz82o7gkdimiavb","2025-11-21T02:04:46.397Z","cmifyivzx04gw2o7gogmy43r4",,,"LOADING","MAINTENANCE","Status change recorded","Location-1",85,
"cmifyj6c30gza2o7gtjho3eag","2025-11-22T14:04:46.397Z",,,"cmifyixaq05uh2o7g5yhjrw2j","IDLE","ACTIVE","Status change recorded","Location-20",41,
"cmifyj6c50gzc2o7gnz5bu8ku","2025-11-20T18:04:46.397Z",,,"cmifyixar05ui2o7gg9t1cygx","MAINTENANCE","ACTIVE","Status change recorded","Location-6",30,
"cmifyj6c60gze2o7gp26vryyd","2025-11-25T00:04:46.397Z","cmifyiw0104h22o7goj5ne34q",,,"REFUELING","MAINTENANCE","Status change recorded","Location-14",153,
"cmifyj6c70gzg2o7gpriqrqif","2025-11-21T23:04:46.397Z","cmifyiw0304h42o7goatf7izy",,,"IDLE","DUMPING","Status change recorded","Location-15",47,
"cmifyj6c80gzi2o7gtxu65vfb","2025-11-20T17:04:46.397Z",,"cmifyiwpz05dx2o7g1ipba91v",,"BREAKDOWN","BREAKDOWN",,"Location-7",32,
"cmifyj6c90gzk2o7g844mtxou","2025-11-24T06:04:46.397Z","cmifyiw0604h82o7gubv410sw",,,"DUMPING","DUMPING",,"Location-19",136,
"cmifyj6ca0gzm2o7gv8t6v6u3","2025-11-24T20:04:46.397Z","cmifyiw0804ha2o7gfbcaeiax",,,"REFUELING","DUMPING","Status change recorded","Location-3",81,
"cmifyj6cb0gzo2o7gh7q8trv8","2025-11-22T14:04:46.397Z","cmifyiw0904hc2o7gxt405jyr",,,"DUMPING","LOADING","Status change recorded","Location-20",124,
"cmifyj6cc0gzq2o7gvnt6depi","2025-11-22T12:04:46.397Z",,"cmifyiwq405e12o7givugr025",,"ACTIVE","ACTIVE",,"Location-5",131,
"cmifyj6cd0gzs2o7g88ujrk1c","2025-11-24T14:04:46.397Z",,"cmifyiwq505e22o7gi7wimzff",,"MAINTENANCE","MAINTENANCE",,"Location-9",27,
"cmifyj6ce0gzu2o7gphmn4idi","2025-11-23T06:04:46.397Z",,,"cmifyixb105ur2o7gesof3bfv","ACTIVE","ACTIVE",,"Location-1",46,
"cmifyj6cf0gzw2o7g5axiwvoa","2025-11-25T09:04:46.397Z","cmifyiw0f04hk2o7geza9bji0",,,"REFUELING","REFUELING",,"Location-2",90,
"cmifyj6cg0gzy2o7gfosjrcie","2025-11-22T04:04:46.397Z","cmifyiw0h04hm2o7gm2utk8ew",,,"MAINTENANCE","IDLE","Status change recorded","Location-5",179,
"cmifyj6ch0h002o7gwko83t2h","2025-11-23T01:04:46.397Z",,"cmifyiwqa05e62o7gi8f2krpq",,"MAINTENANCE","MAINTENANCE",,"Location-13",112,
"cmifyj6ci0h022o7gcahnggi1","2025-11-25T02:04:46.397Z","cmifyiw0k04hq2o7ghhxg47wv",,,"LOADING","LOADING",,"Location-8",90,
"cmifyj6cj0h042o7g50n072fz","2025-11-20T09:04:46.397Z",,"cmifyiwqd05e82o7gkbh4y3tl",,"BREAKDOWN","MAINTENANCE","Status change recorded","Location-13",160,
"cmifyj6cl0h062o7gickjo3yr","2025-11-23T15:04:46.397Z","cmifyiw0n04hu2o7gmajb6aqt",,,"DUMPING","DUMPING",,"Location-1",76,
"cmifyj6cm0h082o7g6zyry4sx","2025-11-23T20:04:46.397Z","cmifyiw0o04hw2o7gakh26ww5",,,"HAULING","MAINTENANCE","Status change recorded","Location-13",28,
"cmifyj6cn0h0a2o7gilmns5sv","2025-11-21T17:04:46.397Z",,,"cmifyixba05uz2o7gf7e04i1t","IDLE","IDLE",,"Location-11",24,
"cmifyj6co0h0c2o7gceivlp28","2025-11-21T19:04:46.397Z",,"cmifyiwqi05ec2o7gg3s7146w",,"IDLE","ACTIVE","Status change recorded","Location-16",48,
"cmifyj6cp0h0e2o7gxjrmdocv","2025-11-22T18:04:46.397Z","cmifyiw0t04i22o7gly4tg7yc",,,"IDLE","MAINTENANCE","Status change recorded","Location-17",61,
"cmifyj6cq0h0g2o7gdozk96hl","2025-11-22T02:04:46.397Z",,,"cmifyixbd05v22o7g7ciofpd8","IDLE","MAINTENANCE","Status change recorded","Location-11",144,
"cmifyj6cr0h0i2o7glxexuzi6","2025-11-22T19:04:46.397Z","cmifyiw0w04i62o7gboieugnb",,,"MAINTENANCE","IDLE","Status change recorded","Location-18",119,
"cmifyj6ct0h0k2o7gr5w7mj1u","2025-11-24T15:04:46.397Z",,,"cmifyixbf05v42o7gzk4gnex1","IDLE","ACTIVE","Status change recorded","Location-7",96,
"cmifyj6cu0h0m2o7gorcmzpul","2025-11-21T09:04:46.397Z",,,"cmifyixbg05v52o7g0lsz2ajo","ACTIVE","IDLE","Status change recorded","Location-7",78,
"cmifyj6cv0h0o2o7gngpyjam3","2025-11-24T06:04:46.397Z",,,"cmifyixbh05v62o7g5ye1z49k","ACTIVE","IDLE","Status change recorded","Location-16",29,
"cmifyj6cw0h0q2o7gpe0tbypj","2025-11-20T10:04:46.397Z",,,"cmifyixbi05v72o7g7qhk78oq","ACTIVE","MAINTENANCE","Status change recorded","Location-6",41,
"cmifyj6cx0h0s2o7g7z21lj9x","2025-11-20T16:04:46.397Z",,"cmifyiwqs05ek2o7gh1rjp8hi",,"ACTIVE","IDLE","Status change recorded","Location-15",29,
"cmifyj6cy0h0u2o7g5h295o1g","2025-11-24T23:04:46.397Z","cmifyiw1504ii2o7gz9tj4lzn",,,"REFUELING","LOADING","Status change recorded","Location-6",63,
"cmifyj6cz0h0w2o7gw1o7nbks","2025-11-19T21:04:46.397Z","cmifyiw1704ik2o7g4z1mhoam",,,"MAINTENANCE","LOADING","Status change recorded","Location-6",114,
"cmifyj6d00h0y2o7g1az6lwpd","2025-11-23T07:04:46.397Z",,"cmifyiwqw05en2o7g5pr5k9sz",,"BREAKDOWN","ACTIVE","Status change recorded","Location-4",161,
"cmifyj6d10h102o7gf45pu77p","2025-11-21T03:04:46.397Z",,"cmifyiwqx05eo2o7gdhxho38w",,"IDLE","BREAKDOWN","Status change recorded","Location-19",150,
"cmifyj6d30h122o7gp7kg2ksl","2025-11-26T00:04:46.397Z","cmifyiw1c04iq2o7gn1cjzd5e",,,"REFUELING","MAINTENANCE","Status change recorded","Location-2",160,
"cmifyj6d40h142o7gy8lk3ok2","2025-11-25T23:04:46.397Z","cmifyiw1d04is2o7gnuraziir",,,"IDLE","IDLE",,"Location-15",46,
"cmifyj6d50h162o7gedmjbif8","2025-11-20T08:04:46.397Z",,"cmifyiwr105er2o7gp084oagr",,"IDLE","BREAKDOWN","Status change recorded","Location-15",99,
"cmifyj6d60h182o7gzazewlir","2025-11-25T05:04:46.397Z","cmifyiw1g04iw2o7gdbums3tz",,,"HAULING","LOADING","Status change recorded","Location-14",92,
"cmifyj6d70h1a2o7g2rjlkm7u","2025-11-21T17:04:46.397Z",,"cmifyiwr305et2o7g08ze22hh",,"MAINTENANCE","MAINTENANCE",,"Location-2",27,
"cmifyj6d80h1c2o7geu5reokp","2025-11-20T14:04:46.397Z",,"cmifyiwr505eu2o7grtz89co3",,"ACTIVE","IDLE","Status change recorded","Location-7",89,
"cmifyj6d90h1e2o7gm8zpq9po","2025-11-21T13:04:46.397Z",,"cmifyiwr605ev2o7gzgvqhvnb",,"IDLE","BREAKDOWN","Status change recorded","Location-7",91,
"cmifyj6da0h1g2o7g0t02jp6b","2025-11-20T00:04:46.397Z","cmifyiw1m04j42o7gu1je3sz1",,,"MAINTENANCE","HAULING","Status change recorded","Location-10",149,
"cmifyj6dc0h1i2o7gnuneq7dp","2025-11-22T05:04:46.397Z",,"cmifyiwr905ex2o7g9r30gs57",,"IDLE","ACTIVE","Status change recorded","Location-15",109,
"cmifyj6dd0h1k2o7gueaeyybs","2025-11-21T16:04:46.397Z",,,"cmifyixby05vm2o7gq4wfwsk1","MAINTENANCE","MAINTENANCE",,"Location-19",131,
"cmifyj6de0h1m2o7gt89ieg0e","2025-11-25T02:04:46.397Z","cmifyiw1r04ja2o7ga29jla1i",,,"LOADING","HAULING","Status change recorded","Location-15",11,
"cmifyj6df0h1o2o7ghqh1vs5c","2025-11-24T18:04:46.397Z","cmifyiw1t04jc2o7go1l9ym37",,,"MAINTENANCE","HAULING","Status change recorded","Location-2",123,
"cmifyj6dg0h1q2o7g3xdpenzt","2025-11-20T06:04:46.397Z","cmifyiw1u04je2o7gfvmlugnd",,,"MAINTENANCE","LOADING","Status change recorded","Location-2",142,
"cmifyj6dh0h1s2o7gbzyagk6q","2025-11-23T20:04:46.397Z","cmifyiw1w04jg2o7gudagsbtz",,,"REFUELING","IDLE","Status change recorded","Location-11",90,
"cmifyj6di0h1u2o7gdv12thqv","2025-11-21T04:04:46.397Z",,"cmifyiwrg05f32o7gs0vzl8mv",,"BREAKDOWN","IDLE","Status change recorded","Location-14",101,
"cmifyj6dj0h1w2o7gjzvqyor6","2025-11-22T05:04:46.397Z","cmifyiw1z04jk2o7gy5zsf8xs",,,"LOADING","DUMPING","Status change recorded","Location-8",59,
"cmifyj6dk0h1y2o7gxm4j0qnm","2025-11-21T06:04:46.397Z","cmifyiw2004jm2o7gz09uafjh",,,"REFUELING","LOADING","Status change recorded","Location-2",154,
"cmifyj6dm0h202o7gv4bvmcjf","2025-11-20T19:04:46.397Z",,,"cmifyixc705vu2o7gc0984roz","IDLE","ACTIVE","Status change recorded","Location-12",6,
"cmifyj6dn0h222o7gw2rtkv8k","2025-11-20T22:04:46.397Z",,,"cmifyixc805vv2o7gytcnapk3","MAINTENANCE","IDLE","Status change recorded","Location-13",99,
"cmifyj6do0h242o7gm7tknba7","2025-11-26T05:04:46.397Z",,"cmifyiwrn05f82o7gy34adh29",,"ACTIVE","MAINTENANCE","Status change recorded","Location-15",70,
"cmifyj6dp0h262o7gpkrtspxe","2025-11-22T05:04:46.397Z",,"cmifyiwro05f92o7grbjbf9wm",,"MAINTENANCE","ACTIVE","Status change recorded","Location-10",67,
"cmifyj6dq0h282o7gu1tue4wa","2025-11-22T01:04:46.397Z",,"cmifyiwrq05fa2o7gan3llw5f",,"ACTIVE","IDLE","Status change recorded","Location-16",65,
"cmifyj6dr0h2a2o7gq16rb5nj","2025-11-21T21:04:46.397Z",,,"cmifyixcc05vz2o7gbkf4vxol","MAINTENANCE","IDLE","Status change recorded","Location-4",121,
"cmifyj6ds0h2c2o7g8yi4gtv3","2025-11-24T03:04:46.397Z","cmifyiw2b04k02o7g2optesc7",,,"HAULING","REFUELING","Status change recorded","Location-18",9,
"cmifyj6dt0h2e2o7gzrp0l90y","2025-11-22T02:04:46.397Z",,"cmifyiwrt05fd2o7goae5m15x",,"MAINTENANCE","IDLE","Status change recorded","Location-7",38,
"cmifyj6du0h2g2o7gwcy53f37","2025-11-24T13:04:46.397Z",,,"cmifyixcf05w22o7ger476aly","ACTIVE","IDLE","Status change recorded","Location-16",15,
"cmifyj6dv0h2i2o7g219aw0al","2025-11-21T20:04:46.397Z","cmifyiw2g04k62o7gve3nnh6f",,,"LOADING","MAINTENANCE","Status change recorded","Location-4",117,
"cmifyj6dw0h2k2o7g265jvjfk","2025-11-21T10:04:46.397Z","cmifyiw2h04k82o7gyi9csiyw",,,"MAINTENANCE","DUMPING","Status change recorded","Location-11",85,
"cmifyj6dx0h2m2o7g8335ilwg","2025-11-24T08:04:46.397Z","cmifyiw2j04ka2o7gacl1glt0",,,"REFUELING","IDLE","Status change recorded","Location-1",14,
"cmifyj6dz0h2o2o7grm34nmqy","2025-11-22T04:04:46.397Z",,,"cmifyixcj05w62o7glgzok3na","ACTIVE","ACTIVE",,"Location-12",168,
"cmifyj6e00h2q2o7gjz2mvkhf","2025-11-20T03:04:46.397Z",,"cmifyiws105fj2o7gjwghiu7c",,"MAINTENANCE","ACTIVE","Status change recorded","Location-4",47,
"cmifyj6e10h2s2o7gzla5brlu","2025-11-26T04:04:46.397Z","cmifyiw2n04kg2o7gyns04rf8",,,"REFUELING","REFUELING",,"Location-7",79,
"cmifyj6e20h2u2o7gue95jjic","2025-11-23T17:04:46.397Z",,"cmifyiws305fl2o7gs38y7ois",,"ACTIVE","BREAKDOWN","Status change recorded","Location-3",128,
"cmifyj6e30h2w2o7gkmpgnbk5","2025-11-19T22:04:46.397Z","cmifyiw2q04kk2o7gw0x06rc4",,,"HAULING","MAINTENANCE","Status change recorded","Location-18",158,
"cmifyj6e40h2y2o7gsxbzfp1x","2025-11-20T12:04:46.397Z",,"cmifyiws605fn2o7gprgp18i4",,"IDLE","IDLE",,"Location-7",2,
"cmifyj6e60h302o7ghxaqon9m","2025-11-20T01:04:46.397Z","cmifyiw2u04ko2o7g4z13u4fs",,,"MAINTENANCE","IDLE","Status change recorded","Location-16",160,
"cmifyj6e70h322o7ggfxewefg","2025-11-24T14:04:46.397Z",,"cmifyiws805fp2o7g3kc6zbkf",,"BREAKDOWN","BREAKDOWN",,"Location-18",6,
"cmifyj6e80h342o7gr16rta75","2025-11-23T17:04:46.397Z","cmifyiw2x04ks2o7g0qfz255a",,,"REFUELING","IDLE","Status change recorded","Location-11",2,
"cmifyj6e90h362o7gsgtle385","2025-11-23T01:04:46.397Z",,,"cmifyixct05wf2o7gnsf949w1","IDLE","MAINTENANCE","Status change recorded","Location-1",27,
"cmifyj6ea0h382o7gspng25u1","2025-11-22T14:04:46.397Z",,"cmifyiwsc05fs2o7gboc6vf6i",,"ACTIVE","MAINTENANCE","Status change recorded","Location-20",3,
"cmifyj6eb0h3a2o7g5lw94sc4","2025-11-24T14:04:46.397Z","cmifyiw3104ky2o7guucqwasc",,,"DUMPING","REFUELING","Status change recorded","Location-3",71,
"cmifyj6ec0h3c2o7g8z64pmq0","2025-11-20T08:04:46.397Z",,,"cmifyixcw05wi2o7grif9z3pi","MAINTENANCE","ACTIVE","Status change recorded","Location-8",150,
"cmifyj6ed0h3e2o7g77lvlmde","2025-11-24T09:04:46.397Z","cmifyiw3404l22o7gpo4ivokc",,,"HAULING","DUMPING","Status change recorded","Location-13",26,
"cmifyj6ee0h3g2o7g7iqdbddr","2025-11-26T01:04:46.397Z","cmifyiw3604l42o7gh9oob5m3",,,"DUMPING","MAINTENANCE","Status change recorded","Location-5",89,
"cmifyj6eg0h3i2o7gi34npej8","2025-11-24T22:04:46.397Z","cmifyiw3804l62o7gscyt7oz6",,,"IDLE","IDLE",,"Location-7",171,
"cmifyj6eh0h3k2o7g8iptt3af","2025-11-24T16:04:46.397Z",,,"cmifyixd005wm2o7g3jztcwh9","ACTIVE","MAINTENANCE","Status change recorded","Location-15",59,
"cmifyj6ei0h3m2o7gaue3yn9w","2025-11-20T01:04:46.397Z",,"cmifyiwsk05fz2o7gsjhrlynk",,"IDLE","ACTIVE","Status change recorded","Location-4",90,
"cmifyj6ej0h3o2o7gcevmykox","2025-11-26T09:04:46.397Z","cmifyiw3d04lc2o7g4ozm0hil",,,"LOADING","HAULING","Status change recorded","Location-2",17,
"cmifyj6ek0h3q2o7g1qaav4is","2025-11-21T03:04:46.397Z","cmifyiw3f04le2o7gs9rm0s84",,,"DUMPING","LOADING","Status change recorded","Location-16",58,
"cmifyj6el0h3s2o7g8potgnm1","2025-11-26T05:04:46.397Z",,"cmifyiwsp05g22o7g5p1rawj2",,"MAINTENANCE","IDLE","Status change recorded","Location-14",88,
"cmifyj6em0h3u2o7gsu6f0w9i","2025-11-23T05:04:46.397Z","cmifyiw3i04li2o7gu89lc6mj",,,"IDLE","HAULING","Status change recorded","Location-3",34,
"cmifyj6en0h3w2o7g4el65epq","2025-11-20T07:04:46.397Z","cmifyiw3j04lk2o7gx7ij10hy",,,"LOADING","IDLE","Status change recorded","Location-16",52,
"cmifyj6eo0h3y2o7g42epa5sa","2025-11-21T23:04:46.397Z","cmifyiw3l04lm2o7gtsjcw7ea",,,"HAULING","HAULING",,"Location-16",140,
"cmifyj6ep0h402o7gcfnm3jkh","2025-11-23T14:04:46.397Z",,"cmifyiwsu05g62o7gewyz6wz7",,"IDLE","ACTIVE","Status change recorded","Location-1",99,
"cmifyj6eq0h422o7gts5wk3iq","2025-11-23T09:04:46.397Z","cmifyiw3o04lq2o7grnfd82wg",,,"LOADING","LOADING",,"Location-1",74,
"cmifyj6er0h442o7g0mk6lpxk","2025-11-26T06:04:46.397Z",,"cmifyiwsw05g82o7gboa0e7l8",,"ACTIVE","ACTIVE",,"Location-8",135,
"cmifyj6et0h462o7g39t2973r","2025-11-22T20:04:46.397Z",,,"cmifyixdc05wx2o7gf7e2wfbt","MAINTENANCE","MAINTENANCE",,"Location-2",29,
"cmifyj6eu0h482o7g7tv87gev","2025-11-25T13:04:46.397Z","cmifyiw3t04lw2o7gl11u4gzi",,,"IDLE","MAINTENANCE","Status change recorded","Location-5",50,
"cmifyj6ev0h4a2o7gxvr4bjy6","2025-11-23T19:04:46.397Z","cmifyiw3u04ly2o7gw3b3ah3k",,,"DUMPING","DUMPING",,"Location-5",80,
"cmifyj6ew0h4c2o7gmjec08e8","2025-11-21T12:04:46.397Z","cmifyiw3w04m02o7grlmxxp7g",,,"MAINTENANCE","HAULING","Status change recorded","Location-7",67,
"cmifyj6ex0h4e2o7gr8o3fa3k","2025-11-25T11:04:46.397Z","cmifyiw3x04m22o7govjzfqcz",,,"REFUELING","HAULING","Status change recorded","Location-19",171,
"cmifyj6ey0h4g2o7grx2667of","2025-11-25T10:04:46.397Z",,,"cmifyixdi05x22o7gt88crbrd","ACTIVE","MAINTENANCE","Status change recorded","Location-3",101,
"cmifyj6ez0h4i2o7g00kw8tut","2025-11-19T19:04:46.397Z","cmifyiw4004m62o7gy0wictxt",,,"LOADING","DUMPING","Status change recorded","Location-20",31,
"cmifyj6f10h4k2o7g4tnsked5","2025-11-24T19:04:46.397Z","cmifyiw4204m82o7gdjlv78y5",,,"IDLE","DUMPING","Status change recorded","Location-10",176,
"cmifyj6f20h4m2o7gh9sg526m","2025-11-21T03:04:46.397Z",,,"cmifyixdl05x52o7g8ib2wcty","IDLE","MAINTENANCE","Status change recorded","Location-3",61,
"cmifyj6f30h4o2o7g1sntfzmm","2025-11-20T15:04:46.397Z",,,"cmifyixdm05x62o7gk13qu0se","MAINTENANCE","IDLE","Status change recorded","Location-5",153,
"cmifyj6f40h4q2o7gb90umzmu","2025-11-23T03:04:46.397Z",,"cmifyiwta05gj2o7gdcw1c45w",,"MAINTENANCE","BREAKDOWN","Status change recorded","Location-4",168,
"cmifyj6f50h4s2o7gql1tjnfh","2025-11-26T10:04:46.397Z",,"cmifyiwtb05gk2o7gtvdjb4j6",,"MAINTENANCE","ACTIVE","Status change recorded","Location-15",8,
"cmifyj6f60h4u2o7gp7qwtidz","2025-11-22T06:04:46.397Z","cmifyiw4a04mi2o7g6w08mn4x",,,"LOADING","HAULING","Status change recorded","Location-13",27,
"cmifyj6f80h4w2o7g9znyp1mc","2025-11-20T10:04:46.397Z","cmifyiw4c04mk2o7gu724ouz3",,,"LOADING","REFUELING","Status change recorded","Location-13",63,
"cmifyj6f90h4y2o7g818oymi0","2025-11-20T21:04:46.397Z","cmifyiw4e04mm2o7g4pcjn7ke",,,"REFUELING","DUMPING","Status change recorded","Location-2",105,
"cmifyj6fa0h502o7g0decpt18","2025-11-20T23:04:46.397Z",,"cmifyiwtg05go2o7glnlp07mq",,"MAINTENANCE","BREAKDOWN","Status change recorded","Location-19",150,
"cmifyj6fb0h522o7g74dcz386","2025-11-21T01:04:46.397Z",,"cmifyiwth05gp2o7giz16fdz3",,"ACTIVE","IDLE","Status change recorded","Location-1",66,
"cmifyj6fc0h542o7gpawvppq1","2025-11-26T06:04:46.397Z",,"cmifyiwtj05gq2o7g6sk94xxj",,"BREAKDOWN","MAINTENANCE","Status change recorded","Location-12",86,
"cmifyj6fe0h562o7gvb22m53i","2025-11-21T16:04:46.397Z","cmifyiw4k04mu2o7gf2lrtkoy",,,"REFUELING","MAINTENANCE","Status change recorded","Location-13",136,
"cmifyj6ff0h582o7go1cvb1r4","2025-11-21T22:04:46.397Z","cmifyiw4l04mw2o7g0gfz1kl7",,,"HAULING","LOADING","Status change recorded","Location-9",13,
"cmifyj6fg0h5a2o7gc0h89lgu","2025-11-25T16:04:46.397Z",,"cmifyiwtm05gt2o7g4xh099nu",,"BREAKDOWN","BREAKDOWN",,"Location-2",28,
"cmifyj6fh0h5c2o7ge6gcpk63","2025-11-22T16:04:46.397Z","cmifyiw4o04n02o7g6aapw8p5",,,"IDLE","DUMPING","Status change recorded","Location-14",33,
"cmifyj6fi0h5e2o7gne611jok","2025-11-22T03:04:46.397Z",,,"cmifyixe105xj2o7gucofvawl","IDLE","ACTIVE","Status change recorded","Location-11",179,
"cmifyj6fk0h5g2o7gwodakd9g","2025-11-22T19:04:46.397Z",,,"cmifyixe205xk2o7gxyskk9hk","ACTIVE","MAINTENANCE","Status change recorded","Location-14",44,
"cmifyj6fl0h5i2o7g1o3a60om","2025-11-22T23:04:46.397Z","cmifyiw4t04n62o7g5or4er8b",,,"MAINTENANCE","HAULING","Status change recorded","Location-3",79,
"cmifyj6fm0h5k2o7gc75oidyl","2025-11-22T14:04:46.397Z",,"cmifyiwts05gy2o7gzboorno0",,"BREAKDOWN","ACTIVE","Status change recorded","Location-15",94,
"cmifyj6fn0h5m2o7gxfk4s0g1","2025-11-25T10:04:46.397Z","cmifyiw4v04na2o7gmcx8gbhp",,,"IDLE","IDLE",,"Location-11",15,
"cmifyj6fo0h5o2o7gkmtk1i32","2025-11-23T04:04:46.397Z",,,"cmifyixe805xo2o7g6o314951","IDLE","IDLE",,"Location-17",44,
"cmifyj6fp0h5q2o7gwehtluzi","2025-11-19T20:04:46.397Z","cmifyiw4y04ne2o7gohvbgutk",,,"HAULING","MAINTENANCE","Status change recorded","Location-15",46,
"cmifyj6fq0h5s2o7gyv42brvk","2025-11-22T16:04:46.397Z","cmifyiw5004ng2o7gc8ihrz5k",,,"MAINTENANCE","IDLE","Status change recorded","Location-13",115,
"cmifyj6fr0h5u2o7gi4suapl1","2025-11-21T22:04:46.397Z","cmifyiw5204ni2o7gtouofn5f",,,"REFUELING","IDLE","Status change recorded","Location-6",6,
"cmifyj6fs0h5w2o7g7bvk3wot","2025-11-25T16:04:46.397Z",,,"cmifyixed05xs2o7g19z6zzui","MAINTENANCE","ACTIVE","Status change recorded","Location-15",112,
"cmifyj6fu0h5y2o7gbc7hajni","2025-11-21T12:04:46.398Z",,"cmifyiwu105h52o7ginaoek8c",,"IDLE","BREAKDOWN","Status change recorded","Location-18",23,
"cmifyj6fv0h602o7g70ddsxmi","2025-11-25T09:04:46.398Z","cmifyiw5604no2o7g9s2qpte0",,,"DUMPING","DUMPING",,"Location-2",98,
"cmifyj6fx0h622o7gz2ala719","2025-11-24T01:04:46.398Z",,,"cmifyixeg05xv2o7gw8wet0om","MAINTENANCE","IDLE","Status change recorded","Location-5",120,
"cmifyj6fy0h642o7gqii7bmbv","2025-11-24T11:04:46.398Z",,,"cmifyixei05xw2o7gmwpsb8qd","IDLE","IDLE",,"Location-17",139,
"cmifyj6fz0h662o7gy7kd9zrm","2025-11-24T15:04:46.398Z",,"cmifyiwu605h92o7gvcg7k6hm",,"ACTIVE","BREAKDOWN","Status change recorded","Location-4",127,
"cmifyj6g00h682o7gds6xv167","2025-11-22T00:04:46.398Z","cmifyiw5c04nw2o7g2tqjzexf",,,"HAULING","LOADING","Status change recorded","Location-18",1,
"cmifyj6g10h6a2o7gtyiwsw03","2025-11-22T12:04:46.398Z",,"cmifyiwu805hb2o7gwvhf9yar",,"ACTIVE","ACTIVE",,"Location-7",108,
"cmifyj6g20h6c2o7gxi7uuyzg","2025-11-22T22:04:46.398Z",,"cmifyiwu905hc2o7g286p7ds6",,"IDLE","BREAKDOWN","Status change recorded","Location-5",54,
"cmifyj6g30h6e2o7gs4f4gfb9","2025-11-20T00:04:46.398Z",,,"cmifyixen05y12o7gzmja0zbf","ACTIVE","MAINTENANCE","Status change recorded","Location-8",117,
"cmifyj6g40h6g2o7g0aetxpjc","2025-11-23T12:04:46.398Z",,,"cmifyixeo05y22o7gae2rlre2","MAINTENANCE","ACTIVE","Status change recorded","Location-8",35,
"cmifyj6g50h6i2o7ge4uvwyb0","2025-11-25T22:04:46.398Z",,"cmifyiwud05hf2o7gkqdhvnkx",,"ACTIVE","IDLE","Status change recorded","Location-7",161,
"cmifyj6g60h6k2o7g0h5jhyxq","2025-11-22T09:04:46.398Z",,,"cmifyixeq05y42o7gxdx6tium","IDLE","ACTIVE","Status change recorded","Location-1",14,
"cmifyj6g80h6m2o7g0avhypx8","2025-11-25T15:04:46.398Z",,,"cmifyixer05y52o7grdfhka36","ACTIVE","MAINTENANCE","Status change recorded","Location-10",69,
"cmifyj6g90h6o2o7g44eji2fz","2025-11-22T11:04:46.398Z",,"cmifyiwuh05hi2o7gn5j7t7ol",,"ACTIVE","ACTIVE",,"Location-12",140,
"cmifyj6gb0h6q2o7grnvzhncq","2025-11-21T00:04:46.398Z","cmifyiw5q04oe2o7gx9o33abz",,,"HAULING","LOADING","Status change recorded","Location-18",94,
"cmifyj6gc0h6s2o7g4wvian41","2025-11-20T12:04:46.398Z","cmifyiw5s04og2o7gp4tb2efa",,,"LOADING","MAINTENANCE","Status change recorded","Location-12",3,
"cmifyj6gd0h6u2o7g1rrbxn7c","2025-11-23T13:04:46.398Z","cmifyiw5t04oi2o7gvfitejw3",,,"MAINTENANCE","DUMPING","Status change recorded","Location-5",50,
"cmifyj6ge0h6w2o7ggyb1t09h","2025-11-24T04:04:46.398Z","cmifyiw5v04ok2o7gvj4ztkqm",,,"IDLE","LOADING","Status change recorded","Location-18",76,
"cmifyj6gf0h6y2o7gud1xg175","2025-11-20T02:04:46.398Z",,"cmifyiwun05hn2o7g08tl7wgf",,"IDLE","MAINTENANCE","Status change recorded","Location-12",61,
"cmifyj6gg0h702o7gkfio28bk","2025-11-19T17:04:46.398Z","cmifyiw5y04oo2o7gel0v2k89",,,"DUMPING","MAINTENANCE","Status change recorded","Location-9",134,
"cmifyj6gh0h722o7gd848zvme","2025-11-22T23:04:46.398Z",,"cmifyiwup05hp2o7ggb43gzd7",,"ACTIVE","IDLE","Status change recorded","Location-10",168,
"cmifyj6gi0h742o7gkw8znltq","2025-11-25T04:04:46.398Z","cmifyiw6104os2o7grr15tyuu",,,"LOADING","HAULING","Status change recorded","Location-1",46,
"cmifyj6gj0h762o7ggbrqx0eu","2025-11-21T18:04:46.398Z","cmifyiw6304ou2o7g6i1089zb",,,"REFUELING","LOADING","Status change recorded","Location-16",146,
"cmifyj6gk0h782o7g0s4fi3pn","2025-11-25T22:04:46.398Z",,,"cmifyixf205yg2o7gngmdwvog","IDLE","ACTIVE","Status change recorded","Location-9",167,
"cmifyj6gl0h7a2o7g1sx8wme7","2025-11-20T11:04:46.398Z","cmifyiw6604oy2o7g7g0gjctw",,,"HAULING","DUMPING","Status change recorded","Location-2",26,
"cmifyj6gm0h7c2o7ggpo66xot","2025-11-21T18:04:46.398Z",,,"cmifyixf505yi2o7ge9mv9uuo","MAINTENANCE","ACTIVE","Status change recorded","Location-7",123,
"cmifyj6gn0h7e2o7gahaah57q","2025-11-26T01:04:46.398Z",,"cmifyiwuw05hv2o7gwuczb2y4",,"ACTIVE","IDLE","Status change recorded","Location-12",49,
"cmifyj6go0h7g2o7gx4fn6s01","2025-11-24T04:04:46.398Z","cmifyiw6a04p42o7g0bpxs4yn",,,"IDLE","LOADING","Status change recorded","Location-2",56,
"cmifyj6gp0h7i2o7ge1fh98sw","2025-11-24T03:04:46.398Z",,"cmifyiwuz05hx2o7gwa4wqaza",,"IDLE","ACTIVE","Status change recorded","Location-7",105,
"cmifyj6gr0h7k2o7gyiz62ulk","2025-11-22T06:04:46.398Z","cmifyiw6d04p82o7gp2dxxdmk",,,"REFUELING","HAULING","Status change recorded","Location-12",74,
"cmifyj6gs0h7m2o7g0enhomi5","2025-11-21T23:04:46.398Z",,,"cmifyixfb05yn2o7g3l0i3jey","IDLE","ACTIVE","Status change recorded","Location-16",154,
"cmifyj6gt0h7o2o7gri0afzl2","2025-11-25T08:04:46.398Z","cmifyiw6h04pc2o7gx9t3hp9q",,,"HAULING","HAULING",,"Location-13",38,
"cmifyj6gu0h7q2o7gmmndoae6","2025-11-25T06:04:46.398Z",,"cmifyiwv405i12o7g29vpcxol",,"ACTIVE","ACTIVE",,"Location-7",101,
"cmifyj6gv0h7s2o7g1xhlnykx","2025-11-24T07:04:46.398Z","cmifyiw6k04pg2o7gypo0am45",,,"MAINTENANCE","REFUELING","Status change recorded","Location-12",94,
"cmifyj6gw0h7u2o7gqao8xn2a","2025-11-21T00:04:46.398Z","cmifyiw6l04pi2o7ggvvo3701",,,"LOADING","MAINTENANCE","Status change recorded","Location-13",61,
"cmifyj6gx0h7w2o7gky1sdb3a","2025-11-23T09:04:46.398Z",,"cmifyiwv705i42o7gnhvgvjn3",,"IDLE","ACTIVE","Status change recorded","Location-10",34,
"cmifyj6gy0h7y2o7g7ctav7qo","2025-11-21T00:04:46.398Z","cmifyiw6p04pm2o7ghpu67qoy",,,"REFUELING","REFUELING",,"Location-1",17,
"cmifyj6gz0h802o7gj5lep68o","2025-11-25T06:04:46.398Z","cmifyiw6q04po2o7g51elhsex",,,"DUMPING","HAULING","Status change recorded","Location-17",87,
"cmifyj6h10h822o7gxtuaklsq","2025-11-24T16:04:46.398Z","cmifyiw6s04pq2o7g224fmhyi",,,"LOADING","MAINTENANCE","Status change recorded","Location-3",41,
"cmifyj6h20h842o7gyuxka0ka","2025-11-22T22:04:46.398Z","cmifyiw6t04ps2o7gkdxs3z1i",,,"IDLE","IDLE",,"Location-2",25,
"cmifyj6h30h862o7g2kg1itzb","2025-11-25T20:04:46.398Z",,"cmifyiwve05i92o7gdku0g1hr",,"IDLE","IDLE",,"Location-2",74,
"cmifyj6h40h882o7gftrroluy","2025-11-21T17:04:46.398Z",,"cmifyiwvf05ia2o7g2u6yqpgg",,"MAINTENANCE","BREAKDOWN","Status change recorded","Location-12",79,
"cmifyj6h50h8a2o7gp4t83ml3","2025-11-21T04:04:46.398Z","cmifyiw6y04py2o7gieasjsuf",,,"REFUELING","HAULING","Status change recorded","Location-10",65,
"cmifyj6h60h8c2o7g9byxbw5x","2025-11-24T10:04:46.398Z",,"cmifyiwvi05ic2o7g9blrvos1",,"MAINTENANCE","MAINTENANCE",,"Location-5",1,
"cmifyj6h70h8e2o7gh2tobeqr","2025-11-25T03:04:46.398Z",,,"cmifyixfp05z12o7g5epy8g0s","ACTIVE","IDLE","Status change recorded","Location-12",153,
"cmifyj6h80h8g2o7gr7yynf9l","2025-11-20T03:04:46.398Z","cmifyiw7304q42o7gbn1ltlu4",,,"REFUELING","REFUELING",,"Location-15",47,
"cmifyj6h90h8i2o7gntkbxsrn","2025-11-23T11:04:46.398Z","cmifyiw7404q62o7g3vm0heq6",,,"HAULING","DUMPING","Status change recorded","Location-5",12,
"cmifyj6ha0h8k2o7gu7hp0yq9","2025-11-23T14:04:46.398Z","cmifyiw7604q82o7gfdtjjint",,,"REFUELING","HAULING","Status change recorded","Location-12",151,
"cmifyj6hb0h8m2o7g1on8bejs","2025-11-20T08:04:46.398Z","cmifyiw7704qa2o7gp8lvrm1g",,,"REFUELING","DUMPING","Status change recorded","Location-15",129,
"cmifyj6hc0h8o2o7g3fnl5f6q","2025-11-20T22:04:46.398Z",,,"cmifyixfv05z62o7gloadnl5y","IDLE","IDLE",,"Location-20",83,
"cmifyj6he0h8q2o7gr92lrydo","2025-11-21T18:04:46.398Z","cmifyiw7b04qe2o7g8pu29h39",,,"IDLE","IDLE",,"Location-10",62,
"cmifyj6hf0h8s2o7gybv9649t","2025-11-23T19:04:46.398Z",,"cmifyiwvs05ik2o7gis8o8qur",,"ACTIVE","BREAKDOWN","Status change recorded","Location-13",11,
"cmifyj6hg0h8u2o7gapn20ww7","2025-11-19T21:04:46.398Z","cmifyiw7e04qi2o7g3jtejql4",,,"MAINTENANCE","IDLE","Status change recorded","Location-3",30,
"cmifyj6hh0h8w2o7g1hzvb07p","2025-11-25T03:04:46.398Z","cmifyiw7g04qk2o7gh6nco99v",,,"REFUELING","DUMPING","Status change recorded","Location-6",28,
"cmifyj6hi0h8y2o7gw7ubr1pg","2025-11-20T04:04:46.398Z",,,"cmifyixg005zb2o7gn42c3jxz","IDLE","ACTIVE","Status change recorded","Location-6",23,
"cmifyj6hj0h902o7g8o0qbg57","2025-11-20T06:04:46.398Z","cmifyiw7j04qo2o7gcf2827f5",,,"LOADING","REFUELING","Status change recorded","Location-18",91,
"cmifyj6hk0h922o7gcbdmstvn","2025-11-22T21:04:46.398Z",,,"cmifyixg205zd2o7g603c9zsy","ACTIVE","ACTIVE",,"Location-4",61,
"cmifyj6hl0h942o7gw6dwvrsl","2025-11-21T00:04:46.398Z",,,"cmifyixg305ze2o7gt3f75j2e","IDLE","MAINTENANCE","Status change recorded","Location-16",134,
"cmifyj6hm0h962o7gsc76uwc4","2025-11-22T13:04:46.398Z",,,"cmifyixg405zf2o7gi2razupf","IDLE","ACTIVE","Status change recorded","Location-9",80,
"cmifyj6hn0h982o7g8bd3dcdd","2025-11-22T01:04:46.398Z","cmifyiw7p04qw2o7gltc3290j",,,"MAINTENANCE","DUMPING","Status change recorded","Location-17",27,
"cmifyj6ho0h9a2o7gcd47gw6k","2025-11-25T00:04:46.398Z",,,"cmifyixg605zh2o7gsieg3ous","IDLE","MAINTENANCE","Status change recorded","Location-19",154,
"cmifyj6hq0h9c2o7g74t41a5j","2025-11-21T13:04:46.398Z","cmifyiw7s04r02o7gbw1kf5ta",,,"LOADING","DUMPING","Status change recorded","Location-12",44,
"cmifyj6hr0h9e2o7gjlaxa34p","2025-11-21T06:04:46.398Z","cmifyiw7u04r22o7gh0z3suh7",,,"DUMPING","DUMPING",,"Location-16",86,
"cmifyj6hs0h9g2o7g028705jz","2025-11-22T16:04:46.398Z",,"cmifyiww805iw2o7gancn8h03",,"ACTIVE","IDLE","Status change recorded","Location-4",68,
"cmifyj6ht0h9i2o7gz9wrn6qm","2025-11-19T17:04:46.398Z",,"cmifyiww905ix2o7gwvguzgvu",,"BREAKDOWN","IDLE","Status change recorded","Location-3",84,
"cmifyj6hu0h9k2o7gsk025qa3","2025-11-25T02:04:46.398Z",,"cmifyiwwb05iy2o7gsynytx0f",,"IDLE","BREAKDOWN","Status change recorded","Location-11",175,
"cmifyj6hv0h9m2o7g9xp87vki","2025-11-23T08:04:46.398Z",,"cmifyiwwc05iz2o7g1s2g2i9g",,"IDLE","ACTIVE","Status change recorded","Location-7",152,
"cmifyj6hw0h9o2o7g9ty40qii","2025-11-22T16:04:46.398Z","cmifyiw8104rc2o7g7c8o55o5",,,"MAINTENANCE","DUMPING","Status change recorded","Location-16",64,
"cmifyj6hx0h9q2o7go4pxt3p2","2025-11-25T18:04:46.398Z",,"cmifyiwwf05j12o7gielq92wy",,"ACTIVE","ACTIVE",,"Location-20",1,
"cmifyj6hz0h9s2o7gonmmlevv","2025-11-22T23:04:46.398Z",,"cmifyiwwg05j22o7gcz1ev3ed",,"BREAKDOWN","ACTIVE","Status change recorded","Location-7",50,
"cmifyj6i00h9u2o7gq9oh6r2v","2025-11-25T14:04:46.398Z",,"cmifyiwwh05j32o7gbv32m1eo",,"BREAKDOWN","IDLE","Status change recorded","Location-2",109,
"cmifyj6i10h9w2o7g4m6j1ey9","2025-11-22T01:04:46.398Z","cmifyiw8704rk2o7g59f8uypt",,,"DUMPING","HAULING","Status change recorded","Location-16",144,
"cmifyj6i20h9y2o7g1j72hvy7","2025-11-22T11:04:46.398Z","cmifyiw8904rm2o7gh3s7hbki",,,"DUMPING","MAINTENANCE","Status change recorded","Location-5",43,
"cmifyj6i30ha02o7gd9b3yh66","2025-11-24T20:04:46.398Z",,"cmifyiwwl05j62o7g3qx53u2y",,"IDLE","BREAKDOWN","Status change recorded","Location-20",110,
"cmifyj6i40ha22o7gphta1ig5","2025-11-21T09:04:46.398Z","cmifyiw8c04rq2o7g9riyzyep",,,"MAINTENANCE","IDLE","Status change recorded","Location-12",16,
"cmifyj6i60ha42o7gcwuy95l0","2025-11-24T23:04:46.398Z","cmifyiw8e04rs2o7glo9ufn2p",,,"MAINTENANCE","HAULING","Status change recorded","Location-8",46,
"cmifyj6i70ha62o7gpivki088","2025-11-22T09:04:46.398Z","cmifyiw8f04ru2o7gl710bevm",,,"HAULING","DUMPING","Status change recorded","Location-17",44,
"cmifyj6i80ha82o7gcogekos1","2025-11-21T17:04:46.398Z","cmifyiw8h04rw2o7gjzrpk0al",,,"DUMPING","HAULING","Status change recorded","Location-4",173,
"cmifyj6i90haa2o7gpubeooja","2025-11-20T08:04:46.398Z",,,"cmifyixgp05zz2o7gn7a6wy7p","ACTIVE","IDLE","Status change recorded","Location-2",154,
"cmifyj6ia0hac2o7gggmjmsbo","2025-11-22T05:04:46.398Z",,,"cmifyixgq06002o7ghnxdz156","MAINTENANCE","IDLE","Status change recorded","Location-7",140,
"cmifyj6ib0hae2o7glwd0nei9","2025-11-21T20:04:46.398Z","cmifyiw8l04s22o7g20q1k1ec",,,"LOADING","HAULING","Status change recorded","Location-5",178,
"cmifyj6ic0hag2o7gqnjdgpiq","2025-11-22T22:04:46.398Z",,"cmifyiwwx05je2o7gvxfoepby",,"ACTIVE","MAINTENANCE","Status change recorded","Location-4",58,
"cmifyj6id0hai2o7gvbocfprw","2025-11-20T20:04:46.398Z",,"cmifyiwwz05jf2o7g89xaz0pu",,"BREAKDOWN","MAINTENANCE","Status change recorded","Location-12",171,
"cmifyj6ie0hak2o7gwymlbgzg","2025-11-21T11:04:46.398Z",,"cmifyiwx005jg2o7gmekx6hg2",,"IDLE","IDLE",,"Location-1",57,
"cmifyj6ig0ham2o7glv5nc7xr","2025-11-22T03:04:46.398Z","cmifyiw8r04sa2o7g9pe1js77",,,"DUMPING","LOADING","Status change recorded","Location-4",171,
"cmifyj6ih0hao2o7g66vg7bmr","2025-11-24T06:04:46.398Z","cmifyiw8t04sc2o7geoh18r0i",,,"HAULING","REFUELING","Status change recorded","Location-20",15,
"cmifyj6ii0haq2o7gutez2tj9","2025-11-23T01:04:46.398Z","cmifyiw8u04se2o7gm6l9dd4v",,,"REFUELING","HAULING","Status change recorded","Location-11",95,
"cmifyj6ij0has2o7gtbj24l0z","2025-11-23T16:04:46.398Z",,"cmifyiwx505jk2o7gf3lcynwc",,"BREAKDOWN","MAINTENANCE","Status change recorded","Location-4",96,
"cmifyj6ik0hau2o7gstpp7031","2025-11-21T16:04:46.398Z","cmifyiw8x04si2o7g4j06476q",,,"LOADING","HAULING","Status change recorded","Location-20",100,
"cmifyj6il0haw2o7gk2if3pws","2025-11-22T23:04:46.398Z","cmifyiw8z04sk2o7g6iscltac",,,"LOADING","MAINTENANCE","Status change recorded","Location-14",131,
"cmifyj6im0hay2o7galp9dvc3","2025-11-21T04:04:46.398Z","cmifyiw9004sm2o7gq4l28c7z",,,"HAULING","IDLE","Status change recorded","Location-20",146,
"cmifyj6io0hb02o7gap56k4xi","2025-11-21T18:04:46.398Z","cmifyiw9204so2o7gq02lbga5",,,"HAULING","MAINTENANCE","Status change recorded","Location-17",138,
"cmifyj6ip0hb22o7g50et1zjk","2025-11-20T08:04:46.398Z","cmifyiw9304sq2o7gsjrdhk1a",,,"MAINTENANCE","REFUELING","Status change recorded","Location-5",40,
"cmifyj6iq0hb42o7g6nnxg6is","2025-11-19T20:04:46.398Z","cmifyiw9504ss2o7gpzrjo2ko",,,"DUMPING","REFUELING","Status change recorded","Location-10",174,
"cmifyj6ir0hb62o7gnklboh9o","2025-11-23T06:04:46.398Z","cmifyiw9704su2o7ghoq0mzyt",,,"IDLE","HAULING","Status change recorded","Location-7",138,
"cmifyj6is0hb82o7g1sm67ahi","2025-11-20T14:04:46.398Z","cmifyiw9804sw2o7gy2c24rh7",,,"HAULING","REFUELING","Status change recorded","Location-3",37,
"cmifyj6it0hba2o7gq63bheev","2025-11-23T12:04:46.398Z","cmifyiw9a04sy2o7gv6hcvrzp",,,"DUMPING","MAINTENANCE","Status change recorded","Location-1",52,
"cmifyj6iu0hbc2o7gjot84det","2025-11-20T04:04:46.398Z","cmifyiw9b04t02o7gxxg07ksb",,,"LOADING","IDLE","Status change recorded","Location-10",45,
"cmifyj6iv0hbe2o7g3wgb7tdm","2025-11-21T12:04:46.398Z",,,"cmifyixha060j2o7g7fhb5i3o","IDLE","MAINTENANCE","Status change recorded","Location-2",89,
"cmifyj6iw0hbg2o7gy7j836ca","2025-11-23T18:04:46.398Z","cmifyiw9e04t42o7g4mqv8vc6",,,"DUMPING","REFUELING","Status change recorded","Location-18",144,
"cmifyj6ix0hbi2o7glf2tuese","2025-11-20T17:04:46.398Z","cmifyiw9g04t62o7gwwzxysnk",,,"HAULING","MAINTENANCE","Status change recorded","Location-15",32,
"cmifyj6iy0hbk2o7g2d2hv9vy","2025-11-23T22:04:46.398Z",,,"cmifyixhd060m2o7gaz3sbrde","MAINTENANCE","ACTIVE","Status change recorded","Location-2",8,
"cmifyj6iz0hbm2o7gsawwq1j7","2025-11-23T13:04:46.398Z",,,"cmifyixhe060n2o7gwir7xxwv","IDLE","MAINTENANCE","Status change recorded","Location-12",170,
"cmifyj6j00hbo2o7g8e3wclli","2025-11-19T19:04:46.398Z",,"cmifyiwxq05k02o7gbe70s1k8",,"BREAKDOWN","MAINTENANCE","Status change recorded","Location-14",112,
"cmifyj6j10hbq2o7g6gmhx6lg","2025-11-22T22:04:46.398Z","cmifyiw9m04te2o7gkzqrs6ta",,,"LOADING","LOADING",,"Location-8",162,
"cmifyj6j30hbs2o7gnoqmj0v9","2025-11-23T06:04:46.398Z",,,"cmifyixhh060q2o7ghzf2sc9x","MAINTENANCE","IDLE","Status change recorded","Location-1",108,
"cmifyj6j40hbu2o7gyg58ijgy","2025-11-21T19:04:46.398Z","cmifyiw9p04ti2o7gaagfoy3i",,,"MAINTENANCE","REFUELING","Status change recorded","Location-15",46,
"cmifyj6j50hbw2o7g429cqvn4","2025-11-20T16:04:46.398Z",,,"cmifyixhj060s2o7g1ewkzs34","ACTIVE","ACTIVE",,"Location-16",156,
"cmifyj6j60hby2o7gedg0lvnj","2025-11-25T01:04:46.398Z","cmifyiw9s04tm2o7gxdmwanh3",,,"HAULING","DUMPING","Status change recorded","Location-20",154,
"cmifyj6j70hc02o7g7ie6ozgx","2025-11-22T16:04:46.398Z",,,"cmifyixhl060u2o7g040t1vfd","IDLE","IDLE",,"Location-1",39,
"cmifyj6j80hc22o7g0upqzm0p","2025-11-25T08:04:46.398Z",,"cmifyiwxz05k72o7genb6yqby",,"BREAKDOWN","MAINTENANCE","Status change recorded","Location-2",65,
"cmifyj6j90hc42o7gqv3wn3p8","2025-11-21T10:04:46.398Z",,"cmifyiwy005k82o7gcdhebkz4",,"IDLE","IDLE",,"Location-2",26,
"cmifyj6ja0hc62o7g13cit8tz","2025-11-24T08:04:46.398Z","cmifyiw9y04tu2o7gmo90moxf",,,"DUMPING","LOADING","Status change recorded","Location-10",137,
"cmifyj6jb0hc82o7gy20u5nlq","2025-11-25T23:04:46.398Z",,"cmifyiwy205ka2o7gy8oljk2m",,"BREAKDOWN","BREAKDOWN",,"Location-12",56,
"cmifyj6jc0hca2o7g0zkjtkqo","2025-11-25T17:04:46.398Z","cmifyiwa104ty2o7gubji7ut1",,,"REFUELING","MAINTENANCE","Status change recorded","Location-14",131,
"cmifyj6jd0hcc2o7gox3b5vf8","2025-11-20T04:04:46.398Z",,"cmifyiwy505kc2o7geb5mb3r3",,"ACTIVE","IDLE","Status change recorded","Location-15",169,
"cmifyj6je0hce2o7grj5m4yg1","2025-11-25T16:04:46.398Z","cmifyiwa404u22o7gpsqkbcko",,,"IDLE","DUMPING","Status change recorded","Location-4",67,
"cmifyj6jf0hcg2o7gzjaef1d5","2025-11-26T08:04:46.398Z",,,"cmifyixhu06122o7g38232apn","ACTIVE","IDLE","Status change recorded","Location-14",38,
"cmifyj6jg0hci2o7gl1vb2f5t","2025-11-25T00:04:46.398Z","cmifyiwa704u62o7gi2s9r8bs",,,"IDLE","HAULING","Status change recorded","Location-3",130,
"cmifyj6jh0hck2o7g04tcr33w","2025-11-23T01:04:46.398Z","cmifyiwa804u82o7g92wdmkgg",,,"MAINTENANCE","REFUELING","Status change recorded","Location-5",121,
"cmifyj6ji0hcm2o7gqswo2ba5","2025-11-25T00:04:46.398Z",,"cmifyiwyb05kh2o7gh6n7vew4",,"IDLE","BREAKDOWN","Status change recorded","Location-14",14,
"cmifyj6jj0hco2o7g896m18jf","2025-11-24T14:04:46.398Z",,"cmifyiwyd05ki2o7g1q5fur45",,"BREAKDOWN","BREAKDOWN",,"Location-10",24,
"cmifyj6jk0hcq2o7g3c3ehsmp","2025-11-20T07:04:46.398Z","cmifyiwad04ue2o7gop63xzy0",,,"HAULING","MAINTENANCE","Status change recorded","Location-10",100,
"cmifyj6jl0hcs2o7gzcfh0p62","2025-11-21T03:04:46.398Z","cmifyiwae04ug2o7ggrtvt40p",,,"HAULING","HAULING",,"Location-5",41,
"cmifyj6jm0hcu2o7gvnp7dlm3","2025-11-21T06:04:46.398Z",,,"cmifyixi106192o7gn6uruxlg","IDLE","MAINTENANCE","Status change recorded","Location-15",92,
"cmifyj6jo0hcw2o7gwvz8ep6m","2025-11-20T17:04:46.398Z",,"cmifyiwyh05km2o7gd7z7z9th",,"BREAKDOWN","MAINTENANCE","Status change recorded","Location-5",155,
"cmifyj6jp0hcy2o7gogb8c9p2","2025-11-19T22:04:46.398Z",,"cmifyiwyj05kn2o7g2rzz1a6e",,"ACTIVE","ACTIVE",,"Location-10",80,
"cmifyj6jq0hd02o7gbw3bgqgd","2025-11-22T07:04:46.398Z",,"cmifyiwyk05ko2o7gcf8r7i7c",,"MAINTENANCE","MAINTENANCE",,"Location-12",47,
"cmifyj6jr0hd22o7g0uw8o7wy","2025-11-23T19:04:46.398Z","cmifyiwam04uq2o7g907qspts",,,"IDLE","DUMPING","Status change recorded","Location-8",146,
"cmifyj6js0hd42o7g4e5oxqjb","2025-11-23T04:04:46.398Z",,,"cmifyixi6061e2o7g7jy8jgl4","MAINTENANCE","ACTIVE","Status change recorded","Location-5",88,
"cmifyj6jt0hd62o7gj4xzmvks","2025-11-21T02:04:46.398Z",,,"cmifyixi7061f2o7gdcx0w3co","MAINTENANCE","IDLE","Status change recorded","Location-19",50,
"cmifyj6ju0hd82o7g8w1js98k","2025-11-24T11:04:46.398Z",,"cmifyiwyp05ks2o7gfebh6fno",,"MAINTENANCE","MAINTENANCE",,"Location-3",49,
"cmifyj6jv0hda2o7g3nbs2p67","2025-11-21T06:04:46.398Z",,"cmifyiwyq05kt2o7gyns4o4t8",,"BREAKDOWN","IDLE","Status change recorded","Location-16",25,
"cmifyj6jw0hdc2o7gs0r2cq36","2025-11-25T06:04:46.398Z","cmifyiwat04v02o7gjs3yhiah",,,"LOADING","LOADING",,"Location-6",163,
"cmifyj6jx0hde2o7gsz1b25rl","2025-11-23T12:04:46.398Z","cmifyiwav04v22o7gqxn4pzfn",,,"IDLE","HAULING","Status change recorded","Location-15",113,
"cmifyj6jy0hdg2o7gq2pcvp2z","2025-11-22T05:04:46.398Z","cmifyiwaw04v42o7g09et9bda",,,"DUMPING","REFUELING","Status change recorded","Location-10",136,
"cmifyj6jz0hdi2o7gaehehn69","2025-11-21T12:04:46.398Z","cmifyiway04v62o7gylh1iav4",,,"LOADING","IDLE","Status change recorded","Location-10",35,
"cmifyj6k00hdk2o7gh7g2ea23","2025-11-21T18:04:46.398Z","cmifyiwaz04v82o7g79fijso4",,,"LOADING","DUMPING","Status change recorded","Location-8",131,
"cmifyj6k10hdm2o7gychvci3t","2025-11-23T03:04:46.398Z","cmifyiwb104va2o7g8qjc0pox",,,"IDLE","DUMPING","Status change recorded","Location-11",64,
"cmifyj6k20hdo2o7gvq51di6p","2025-11-23T04:04:46.398Z","cmifyiwb304vc2o7gzmdht4s4",,,"HAULING","IDLE","Status change recorded","Location-7",15,
"cmifyj6k30hdq2o7g8e4kvdsz","2025-11-21T07:04:46.398Z",,"cmifyiwz005l12o7gcfpdvygq",,"MAINTENANCE","BREAKDOWN","Status change recorded","Location-18",83,
"cmifyj6k50hds2o7gdhat1odh","2025-11-22T02:04:46.398Z",,"cmifyiwz105l22o7ghmr4aj0o",,"IDLE","IDLE",,"Location-12",34,
"cmifyj6k60hdu2o7gmukk2kxb","2025-11-22T19:04:46.398Z","cmifyiwb704vi2o7gchyuf92t",,,"HAULING","LOADING","Status change recorded","Location-13",128,
"cmifyj6k70hdw2o7gwnretgn9","2025-11-21T19:04:46.398Z",,"cmifyiwz405l42o7gn4ql3rkj",,"ACTIVE","IDLE","Status change recorded","Location-7",141,
"cmifyj6k80hdy2o7gxnkfskca","2025-11-22T03:04:46.398Z",,,"cmifyixil061t2o7g7aznyc1h","MAINTENANCE","ACTIVE","Status change recorded","Location-8",18,
"cmifyj6k90he02o7gcvkzzs2y","2025-11-22T20:04:46.398Z","cmifyiwbc04vo2o7gkkezqpvc",,,"HAULING","REFUELING","Status change recorded","Location-19",159,
"cmifyj6ka0he22o7g485j0ras","2025-11-20T13:04:46.398Z","cmifyiwbd04vq2o7ghjbhpdw7",,,"MAINTENANCE","LOADING","Status change recorded","Location-12",51,
"cmifyj6kb0he42o7gja86qrjh","2025-11-25T01:04:46.398Z",,"cmifyiwz905l82o7gv6b0hve6",,"MAINTENANCE","ACTIVE","Status change recorded","Location-1",178,
"cmifyj6kc0he62o7gkje72sge","2025-11-25T17:04:46.398Z",,"cmifyiwza05l92o7g1zo5nsmt",,"MAINTENANCE","IDLE","Status change recorded","Location-8",179,
"cmifyj6kd0he82o7g2oogg4ef","2025-11-24T23:04:46.398Z",,,"cmifyixiq061y2o7gbwzlinm3","MAINTENANCE","IDLE","Status change recorded","Location-15",8,
"cmifyj6ke0hea2o7gww3zy3wb","2025-11-21T15:04:46.398Z",,"cmifyiwzd05lb2o7gav29qm8w",,"IDLE","ACTIVE","Status change recorded","Location-1",63,
"cmifyj6kf0hec2o7gx2gkltvb","2025-11-25T17:04:46.398Z","cmifyiwbl04w02o7g9swmn9pn",,,"LOADING","REFUELING","Status change recorded","Location-9",104,
"cmifyj6kh0hee2o7gtaqufz5c","2025-11-25T19:04:46.398Z","cmifyiwbm04w22o7gzihx5ipl",,,"REFUELING","HAULING","Status change recorded","Location-14",177,
"cmifyj6ki0heg2o7gax0h3luo","2025-11-23T02:04:46.398Z","cmifyiwbo04w42o7gb6nzlz91",,,"HAULING","IDLE","Status change recorded","Location-2",81,
"cmifyj6kj0hei2o7gajmxmyf1","2025-11-19T15:04:46.398Z","cmifyiwbp04w62o7gdp9wr92g",,,"DUMPING","HAULING","Status change recorded","Location-18",47,
"cmifyj6kk0hek2o7ghvn6edqy","2025-11-20T21:04:46.398Z","cmifyiwbr04w82o7g7qxn6hzo",,,"LOADING","LOADING",,"Location-17",32,
"cmifyj6kl0hem2o7g005hw01m","2025-11-25T15:04:46.398Z","cmifyiwbs04wa2o7gkpjimvez",,,"DUMPING","DUMPING",,"Location-7",163,
"cmifyj6km0heo2o7gskglfv0h","2025-11-25T21:04:46.398Z","cmifyiwbu04wc2o7g6nkcdpwt",,,"IDLE","HAULING","Status change recorded","Location-2",110,
"cmifyj6kn0heq2o7gpcqqlqv3","2025-11-25T22:04:46.398Z","cmifyiwbv04we2o7ggm8x112q",,,"LOADING","LOADING",,"Location-15",118,
"cmifyj6ko0hes2o7gnuaajc6r","2025-11-22T22:04:46.398Z","cmifyiwbx04wg2o7g6m7cdvfj",,,"LOADING","REFUELING","Status change recorded","Location-14",22,
"cmifyj6kp0heu2o7gzsrneea5","2025-11-25T20:04:46.398Z",,,"cmifyixj206292o7g9v0a7hbu","ACTIVE","IDLE","Status change recorded","Location-10",143,
"cmifyj6kq0hew2o7gxbao22iv","2025-11-23T15:04:46.398Z","cmifyiwc004wk2o7gri169q4s",,,"HAULING","MAINTENANCE","Status change recorded","Location-19",121,
"cmifyj6kr0hey2o7gc6df79k0","2025-11-26T02:04:46.398Z","cmifyiwc204wm2o7gk6rhm5vj",,,"DUMPING","HAULING","Status change recorded","Location-2",136,
"cmifyj6ks0hf02o7g04p49dwf","2025-11-20T01:04:46.398Z",,,"cmifyixj6062c2o7goehgcsyj","MAINTENANCE","MAINTENANCE",,"Location-17",157,
"cmifyj6kt0hf22o7gn3nap11d","2025-11-23T05:04:46.398Z","cmifyiwc504wq2o7gjcflnk2k",,,"LOADING","DUMPING","Status change recorded","Location-8",83,
"cmifyj6ku0hf42o7gm6ywjwy0","2025-11-20T10:04:46.398Z",,"cmifyiwzv05lq2o7gk8caqtct",,"MAINTENANCE","ACTIVE","Status change recorded","Location-6",91,
"cmifyj6kv0hf62o7g1pk1dlx9","2025-11-25T08:04:46.398Z",,,"cmifyixja062f2o7gndhkzhb6","MAINTENANCE","IDLE","Status change recorded","Location-1",23,
"cmifyj6kw0hf82o7gcmm0vq5g","2025-11-21T16:04:46.398Z",,"cmifyiwzy05ls2o7gyz1f6uv0",,"BREAKDOWN","BREAKDOWN",,"Location-16",92,
"cmifyj6ky0hfa2o7g1xe0s255","2025-11-24T14:04:46.398Z",,,"cmifyixjc062h2o7g459gdmw7","ACTIVE","IDLE","Status change recorded","Location-12",4,
"cmifyj6kz0hfc2o7gnta4ulr1","2025-11-22T22:04:46.398Z","cmifyiwcf04x02o7g92p5tbh9",,,"LOADING","DUMPING","Status change recorded","Location-13",162,
"cmifyj6l00hfe2o7g47vwyfar","2025-11-24T11:04:46.398Z","cmifyiwch04x22o7gtr4fq2yr",,,"DUMPING","IDLE","Status change recorded","Location-4",41,
"cmifyj6l10hfg2o7gk0uvjwit","2025-11-24T01:04:46.398Z",,,"cmifyixjf062k2o7gvjo955s0","IDLE","IDLE",,"Location-6",23,
"cmifyj6l20hfi2o7g68l1ukgw","2025-11-23T20:04:46.398Z",,,"cmifyixjh062l2o7g57qp8wwg","IDLE","IDLE",,"Location-3",70,
"cmifyj6l30hfk2o7gb878tz5c","2025-11-26T04:04:46.398Z","cmifyiwcm04x82o7g2we2ch0n",,,"IDLE","LOADING","Status change recorded","Location-1",103,
"cmifyj6l40hfm2o7g8boukgbi","2025-11-26T08:04:46.398Z","cmifyiwcn04xa2o7gld6sq73g",,,"REFUELING","REFUELING",,"Location-5",122,
"cmifyj6l50hfo2o7gqtcrdb09","2025-11-21T06:04:46.398Z",,,"cmifyixjk062o2o7gtkyj51tq","IDLE","ACTIVE","Status change recorded","Location-20",109,
"cmifyj6l60hfq2o7g6xk1toht","2025-11-23T15:04:46.398Z","cmifyiwcr04xe2o7gzlku6apk",,,"IDLE","IDLE",,"Location-17",106,
"cmifyj6l70hfs2o7gcqqdzmqb","2025-11-23T05:04:46.398Z","cmifyiwcs04xg2o7gvbq8x4fy",,,"MAINTENANCE","HAULING","Status change recorded","Location-20",52,
"cmifyj6l80hfu2o7gqog8ivvk","2025-11-24T22:04:46.398Z","cmifyiwcu04xi2o7gi4rs5kel",,,"LOADING","HAULING","Status change recorded","Location-13",112,
"cmifyj6l90hfw2o7g2npf1e6y","2025-11-20T14:04:46.398Z",,"cmifyix0d05m42o7ggvd1wh6f",,"ACTIVE","BREAKDOWN","Status change recorded","Location-4",112,
"cmifyj6lb0hfy2o7ga1vsot8u","2025-11-24T18:04:46.398Z","cmifyiwcx04xm2o7g4l0poxad",,,"MAINTENANCE","HAULING","Status change recorded","Location-20",0,
"cmifyj6lc0hg02o7gowv42kym","2025-11-25T16:04:46.398Z",,"cmifyix0f05m62o7ghz9c7yo1",,"IDLE","MAINTENANCE","Status change recorded","Location-8",106,
"cmifyj6ld0hg22o7g26qamhfj","2025-11-24T03:04:46.398Z","cmifyiwd004xq2o7gfzbas7q4",,,"DUMPING","DUMPING",,"Location-9",117,
"cmifyj6lf0hg42o7g40k0sd3p","2025-11-23T03:04:46.398Z","cmifyiwd204xs2o7g44zd9ayf",,,"IDLE","MAINTENANCE","Status change recorded","Location-6",32,
"cmifyj6lg0hg62o7giknoi0id","2025-11-22T00:04:46.398Z","cmifyiwd304xu2o7g8qivbti9",,,"LOADING","IDLE","Status change recorded","Location-11",126,
"cmifyj6lh0hg82o7gq8v2sljp","2025-11-19T17:04:46.398Z","cmifyiwd404xw2o7gmhd98qid",,,"IDLE","IDLE",,"Location-5",139,
"cmifyj6li0hga2o7gqxikxouo","2025-11-21T11:04:46.398Z","cmifyiwd604xy2o7gty7jtc7j",,,"REFUELING","MAINTENANCE","Status change recorded","Location-13",171,
"cmifyj6lj0hgc2o7g3xw4d4vx","2025-11-20T01:04:46.398Z",,"cmifyix0n05mc2o7gtqjz5msj",,"ACTIVE","MAINTENANCE","Status change recorded","Location-10",68,
"cmifyj6lk0hge2o7gxyevd7di","2025-11-19T21:04:46.398Z",,"cmifyix0o05md2o7g89zlnf2g",,"IDLE","IDLE",,"Location-11",37,
"cmifyj6ll0hgg2o7gxjcypoxi","2025-11-26T09:04:46.398Z",,,"cmifyixjy06322o7gun60drja","ACTIVE","MAINTENANCE","Status change recorded","Location-4",35,
"cmifyj6ln0hgi2o7gs066wre2","2025-11-22T14:04:46.398Z","cmifyiwdc04y62o7gpr3fqjfg",,,"HAULING","LOADING","Status change recorded","Location-6",95,
"cmifyj6lo0hgk2o7g4ou1jpvq","2025-11-24T20:04:46.398Z",,,"cmifyixk006342o7gi9dxhikf","IDLE","IDLE",,"Location-12",25,
"cmifyj6lp0hgm2o7gal6i1kyj","2025-11-22T04:04:46.398Z","cmifyiwdf04ya2o7gd6an38dv",,,"DUMPING","HAULING","Status change recorded","Location-1",76,
"cmifyj6lq0hgo2o7gr48qlt3v","2025-11-21T01:04:46.398Z",,,"cmifyixk206362o7g0t93kda3","MAINTENANCE","IDLE","Status change recorded","Location-7",49,
"cmifyj6lr0hgq2o7grq5r7m9f","2025-11-22T07:04:46.398Z","cmifyiwdi04ye2o7gqn47skav",,,"HAULING","REFUELING","Status change recorded","Location-11",80,
"cmifyj6ls0hgs2o7g45qe7dvk","2025-11-22T19:04:46.398Z","cmifyiwdk04yg2o7g8h8hgy32",,,"IDLE","IDLE",,"Location-14",84,
"cmifyj6lu0hgu2o7gf905nc0x","2025-11-20T04:04:46.398Z","cmifyiwdl04yi2o7gxgsdsq4b",,,"DUMPING","MAINTENANCE","Status change recorded","Location-17",143,
"cmifyj6lv0hgw2o7g4dx5zqos","2025-11-25T08:04:46.398Z",,,"cmifyixk5063a2o7gd2uu36y5","IDLE","MAINTENANCE","Status change recorded","Location-5",69,
"cmifyj6lw0hgy2o7geyq16kag","2025-11-23T00:04:46.398Z",,"cmifyix1005mn2o7gz6z6vkd8",,"IDLE","MAINTENANCE","Status change recorded","Location-16",74,
"cmifyj6lx0hh02o7g208c7bpx","2025-11-25T07:04:46.398Z",,,"cmifyixk7063c2o7ggd9vp7rn","MAINTENANCE","ACTIVE","Status change recorded","Location-17",129,
"cmifyj6lz0hh22o7grlo62siy","2025-11-20T09:04:46.398Z",,,"cmifyixk8063d2o7gyvuiwyrm","MAINTENANCE","IDLE","Status change recorded","Location-18",155,
"cmifyj6m00hh42o7gjykjc7ak","2025-11-21T15:04:46.398Z",,"cmifyix1405mq2o7g4v5go7s7",,"BREAKDOWN","ACTIVE","Status change recorded","Location-8",103,
"cmifyj6m10hh62o7gb1mglrxj","2025-11-20T19:04:46.398Z",,"cmifyix1505mr2o7gy6z97ckc",,"ACTIVE","ACTIVE",,"Location-8",42,
"cmifyj6m20hh82o7g9p5s3dzd","2025-11-21T14:04:46.398Z",,"cmifyix1705ms2o7gfk1dnna8",,"ACTIVE","MAINTENANCE","Status change recorded","Location-7",115,
"cmifyj6m30hha2o7g8u8q0ipg","2025-11-24T01:04:46.398Z","cmifyiwdy04yy2o7g47e8fzrt",,,"DUMPING","HAULING","Status change recorded","Location-13",122,
"cmifyj6m40hhc2o7g7hha7u1p","2025-11-22T10:04:46.398Z","cmifyiwe004z02o7gucubrbxf",,,"LOADING","DUMPING","Status change recorded","Location-16",50,
"cmifyj6m50hhe2o7g949ydhfi","2025-11-26T09:04:46.398Z",,,"cmifyixke063j2o7gmnejuq79","IDLE","ACTIVE","Status change recorded","Location-13",82,
"cmifyj6m80hhg2o7gv686jf6c","2025-11-21T12:04:46.398Z",,,"cmifyixkf063k2o7gp5djnd41","MAINTENANCE","IDLE","Status change recorded","Location-1",153,
"cmifyj6ma0hhi2o7g35x481wh","2025-11-22T21:04:46.398Z","cmifyiwe404z62o7gc2l38u64",,,"DUMPING","HAULING","Status change recorded","Location-20",95,
"cmifyj6mc0hhk2o7gvebiozov","2025-11-21T00:04:46.398Z","cmifyiwe604z82o7gqm8vusqb",,,"LOADING","REFUELING","Status change recorded","Location-9",159,
"cmifyj6md0hhm2o7g16uny0rr","2025-11-22T00:04:46.398Z",,,"cmifyixki063n2o7go7i9s0an","MAINTENANCE","IDLE","Status change recorded","Location-14",112,
"cmifyj6me0hho2o7ggwg1c5tl","2025-11-24T08:04:46.398Z","cmifyiwe904zc2o7gg32i3bdb",,,"LOADING","MAINTENANCE","Status change recorded","Location-12",147,
"cmifyj6mf0hhq2o7gitcfgcww","2025-11-19T23:04:46.398Z","cmifyiweb04ze2o7g568dpvcj",,,"IDLE","LOADING","Status change recorded","Location-14",74,
"cmifyj6mh0hhs2o7ge61i1nuz","2025-11-21T09:04:46.398Z","cmifyiwed04zg2o7g6uwvatd1",,,"REFUELING","MAINTENANCE","Status change recorded","Location-10",117,
"cmifyj6mi0hhu2o7ga9yvkskn","2025-11-25T02:04:46.398Z",,,"cmifyixkm063r2o7g0mir0nw4","MAINTENANCE","IDLE","Status change recorded","Location-12",3,
"cmifyj6mj0hhw2o7g634bim6g","2025-11-19T18:04:46.398Z","cmifyiweg04zk2o7g481s6nu6",,,"REFUELING","IDLE","Status change recorded","Location-12",63,
"cmifyj6mk0hhy2o7gij5hwku8","2025-11-23T08:04:46.398Z","cmifyiwei04zm2o7go8v4u8l0",,,"DUMPING","LOADING","Status change recorded","Location-1",147,
"cmifyj6mm0hi02o7gggyqsrq1","2025-11-19T16:04:46.398Z","cmifyiwej04zo2o7g5fnsqmjp",,,"DUMPING","MAINTENANCE","Status change recorded","Location-9",111,
"cmifyj6mn0hi22o7gx3engb69","2025-11-23T04:04:46.398Z",,"cmifyix1p05n72o7gijqnv0vk",,"IDLE","BREAKDOWN","Status change recorded","Location-7",26,
"cmifyj6mo0hi42o7g2c1f9i3z","2025-11-24T16:04:46.398Z",,"cmifyix1q05n82o7gzgbr22bt",,"BREAKDOWN","IDLE","Status change recorded","Location-1",84,
"cmifyj6mp0hi62o7gz6fbxk7n","2025-11-25T05:04:46.398Z",,"cmifyix1r05n92o7gj1pdgv27",,"MAINTENANCE","IDLE","Status change recorded","Location-12",122,
"cmifyj6mq0hi82o7g6stzkn3s","2025-11-19T23:04:46.398Z","cmifyiweq04zw2o7g4gc9qejr",,,"IDLE","MAINTENANCE","Status change recorded","Location-12",155,
"cmifyj6ms0hia2o7g7ragcx69","2025-11-20T02:04:46.398Z","cmifyiwes04zy2o7g8pd5xxj2",,,"LOADING","REFUELING","Status change recorded","Location-4",107,
"cmifyj6mt0hic2o7gt1v3vfq2","2025-11-23T04:04:46.398Z","cmifyiweu05002o7g0a58jqve",,,"LOADING","REFUELING","Status change recorded","Location-20",100,
"cmifyj6mu0hie2o7goimcxwde","2025-11-24T04:04:46.398Z","cmifyiwev05022o7gq5yzzmuo",,,"LOADING","REFUELING","Status change recorded","Location-13",48,
"cmifyj6mv0hig2o7g3k55vt9a","2025-11-23T04:04:46.398Z",,,"cmifyixkx06422o7ge445uj0z","IDLE","ACTIVE","Status change recorded","Location-14",17,
"cmifyj6mx0hii2o7gwgu6ckse","2025-11-23T09:04:46.398Z",,"cmifyix1z05nf2o7gq55bzq44",,"BREAKDOWN","MAINTENANCE","Status change recorded","Location-9",68,
"cmifyj6my0hik2o7gu6xwqcxe","2025-11-21T20:04:46.398Z","cmifyiwf005082o7g8ln82f1f",,,"LOADING","HAULING","Status change recorded","Location-4",162,
"cmifyj6mz0him2o7gdr08xv5g","2025-11-23T07:04:46.398Z","cmifyiwf2050a2o7gdw8hsnt9",,,"LOADING","DUMPING","Status change recorded","Location-16",110,
"cmifyj6n00hio2o7gafq75hc5","2025-11-20T22:04:46.398Z",,"cmifyix2205ni2o7gihg41l1y",,"IDLE","IDLE",,"Location-3",133,
"cmifyj6n20hiq2o7g2g2u92od","2025-11-20T22:04:46.398Z","cmifyiwf5050e2o7gfcq5wzn2",,,"LOADING","REFUELING","Status change recorded","Location-20",167,
"cmifyj6n30his2o7g1rd84i00","2025-11-24T02:04:46.398Z","cmifyiwf7050g2o7gcqzwzjdh",,,"DUMPING","IDLE","Status change recorded","Location-8",64,
"cmifyj6n40hiu2o7g87vbgr4m","2025-11-20T00:04:46.398Z",,,"cmifyixl306492o7g2xhyf9ak","MAINTENANCE","MAINTENANCE",,"Location-9",177,
"cmifyj6n50hiw2o7g9cqith4v","2025-11-19T18:04:46.398Z","cmifyiwfa050k2o7gu8p0d3nx",,,"LOADING","IDLE","Status change recorded","Location-14",116,
"cmifyj6n60hiy2o7gmsqyoncg","2025-11-24T00:04:46.398Z",,,"cmifyixl5064b2o7gyrey41ib","ACTIVE","MAINTENANCE","Status change recorded","Location-12",176,
"cmifyj6n80hj02o7gkb6t4tqm","2025-11-25T03:04:46.398Z","cmifyiwfe050o2o7g00nfvbim",,,"HAULING","HAULING",,"Location-5",129,
"cmifyj6n90hj22o7ggijqcdec","2025-11-22T20:04:46.398Z",,,"cmifyixl7064d2o7gcsgtt8p0","IDLE","MAINTENANCE","Status change recorded","Location-5",129,
"cmifyj6nb0hj42o7gifjh0e66","2025-11-22T07:04:46.398Z","cmifyiwfh050s2o7gip3p1d6g",,,"REFUELING","IDLE","Status change recorded","Location-20",159,
"cmifyj6nc0hj62o7g1mo2iqdb","2025-11-20T13:04:46.398Z",,"cmifyix2e05nr2o7gojf287o7",,"IDLE","ACTIVE","Status change recorded","Location-11",145,
"cmifyj6nd0hj82o7g1fqibvua","2025-11-20T18:04:46.398Z","cmifyiwfk050w2o7guxel6bub",,,"HAULING","IDLE","Status change recorded","Location-19",57,
"cmifyj6ne0hja2o7guuxdkijg","2025-11-26T01:04:46.398Z",,"cmifyix2g05nt2o7gjo4hibv0",,"BREAKDOWN","MAINTENANCE","Status change recorded","Location-20",48,
"cmifyj6nf0hjc2o7g96u18wso","2025-11-20T04:04:46.398Z","cmifyiwfn05102o7g4caa3879",,,"REFUELING","REFUELING",,"Location-16",48,
"cmifyj6nh0hje2o7gqqiedush","2025-11-21T05:04:46.398Z","cmifyiwfp05122o7gw1ce2i4a",,,"DUMPING","MAINTENANCE","Status change recorded","Location-9",135,
"cmifyj6ni0hjg2o7g6s8cc8a5","2025-11-21T14:04:46.398Z","cmifyiwfr05142o7goqhomtd7",,,"MAINTENANCE","MAINTENANCE",,"Location-16",133,
"cmifyj6nk0hji2o7gv0q05aiu","2025-11-22T13:04:46.398Z",,"cmifyix2l05nx2o7g6mi81rmq",,"ACTIVE","IDLE","Status change recorded","Location-11",24,
"cmifyj6nl0hjk2o7gm5lkdg29","2025-11-20T23:04:46.398Z","cmifyiwfu05182o7giihye1c8",,,"REFUELING","MAINTENANCE","Status change recorded","Location-2",109,
"cmifyj6nm0hjm2o7g1soeovkf","2025-11-26T11:04:46.398Z","cmifyiwfw051a2o7gr42fd7vv",,,"HAULING","HAULING",,"Location-11",91,
"cmifyj6nn0hjo2o7gbh558cx6","2025-11-20T16:04:46.398Z",,"cmifyix2p05o02o7gh4nbh80u",,"ACTIVE","IDLE","Status change recorded","Location-9",123,
"cmifyj6np0hjq2o7g8fv3ev3d","2025-11-20T21:04:46.398Z","cmifyiwfz051e2o7g8sod4bee",,,"LOADING","REFUELING","Status change recorded","Location-5",35,
"cmifyj6nr0hjs2o7g1ls4k8sd","2025-11-21T23:04:46.398Z",,"cmifyix2s05o22o7gci6v10u5",,"MAINTENANCE","BREAKDOWN","Status change recorded","Location-7",50,
"cmifyj6ns0hju2o7gdxdvv7ba","2025-11-20T00:04:46.398Z",,,"cmifyixll064r2o7g2sqwugwi","MAINTENANCE","IDLE","Status change recorded","Location-2",154,
"cmifyj6nt0hjw2o7gbjnzkpsv","2025-11-21T23:04:46.398Z","cmifyiwg4051k2o7gsweczevr",,,"DUMPING","MAINTENANCE","Status change recorded","Location-9",104,
"cmifyj6nu0hjy2o7gqidyigp9","2025-11-26T12:04:46.398Z",,"cmifyix2w05o52o7go7puaflh",,"IDLE","MAINTENANCE","Status change recorded","Location-4",98,
"cmifyj6nv0hk02o7grv0610y4","2025-11-25T03:04:46.398Z",,"cmifyix2x05o62o7giv0it3dx",,"ACTIVE","MAINTENANCE","Status change recorded","Location-5",60,
"cmifyj6nx0hk22o7gcnxm0jp9","2025-11-21T22:04:46.398Z","cmifyiwg9051q2o7gtak4pidu",,,"HAULING","REFUELING","Status change recorded","Location-2",95,
"cmifyj6ny0hk42o7g8uc5hre5","2025-11-24T06:04:46.398Z",,,"cmifyixlq064w2o7gilvvypr5","IDLE","ACTIVE","Status change recorded","Location-1",71,
"cmifyj6nz0hk62o7gbd84301g","2025-11-24T11:04:46.398Z","cmifyiwgc051u2o7gphgwndpb",,,"LOADING","HAULING","Status change recorded","Location-9",147,
"cmifyj6o00hk82o7g593mjikx","2025-11-21T00:04:46.398Z",,"cmifyix3205oa2o7g4t3qhw0v",,"ACTIVE","ACTIVE",,"Location-14",122,
"cmifyj6o10hka2o7g6dbch7u7","2025-11-24T17:04:46.398Z","cmifyiwgf051y2o7ggyww6xy7",,,"MAINTENANCE","LOADING","Status change recorded","Location-12",142,
"cmifyj6o30hkc2o7ggqhdj2hk","2025-11-23T12:04:46.398Z",,,"cmifyixlu06502o7grlz2t4xh","ACTIVE","MAINTENANCE","Status change recorded","Location-14",154,
"cmifyj6o40hke2o7g9ina0z0t","2025-11-24T10:04:46.398Z",,,"cmifyixlv06512o7g2kogqxne","ACTIVE","MAINTENANCE","Status change recorded","Location-1",50,
"cmifyj6o50hkg2o7goqmj055c","2025-11-19T17:04:46.398Z","cmifyiwgk05242o7g49454lr1",,,"MAINTENANCE","LOADING","Status change recorded","Location-9",8,
"cmifyj6o60hki2o7gdeyedu6q","2025-11-23T02:04:46.398Z",,,"cmifyixlx06532o7gj6uj3ghq","MAINTENANCE","MAINTENANCE",,"Location-17",175,
"cmifyj6o70hkk2o7gtaopepru","2025-11-26T11:04:46.398Z","cmifyiwgo05282o7goxal5mag",,,"HAULING","REFUELING","Status change recorded","Location-12",54,
"cmifyj6o90hkm2o7gz97k6mw7","2025-11-23T10:04:46.398Z","cmifyiwgq052a2o7gaexps5h9",,,"MAINTENANCE","IDLE","Status change recorded","Location-5",48,
"cmifyj6oa0hko2o7gz6mwypqv","2025-11-22T14:04:46.398Z",,,"cmifyixm006562o7gnih1dw7r","IDLE","MAINTENANCE","Status change recorded","Location-5",177,
"cmifyj6ob0hkq2o7g4ttio88p","2025-11-20T11:04:46.398Z",,"cmifyix3d05oj2o7g68010mg1",,"ACTIVE","MAINTENANCE","Status change recorded","Location-14",94,
"cmifyj6oc0hks2o7gbvcp9a2j","2025-11-21T03:04:46.398Z","cmifyiwgu052g2o7gmbwd2e46",,,"DUMPING","HAULING","Status change recorded","Location-3",113,
"cmifyj6od0hku2o7gqdittwd4","2025-11-20T09:04:46.398Z","cmifyiwgw052i2o7gm5wyxmwe",,,"HAULING","IDLE","Status change recorded","Location-2",51,
"cmifyj6oe0hkw2o7gfggjsnwn","2025-11-23T04:04:46.398Z","cmifyiwgx052k2o7gqro4u9r3",,,"REFUELING","REFUELING",,"Location-3",126,
"cmifyj6of0hky2o7glhsjfm4a","2025-11-22T06:04:46.398Z","cmifyiwgz052m2o7gof7nlo0o",,,"DUMPING","DUMPING",,"Location-7",93,
"cmifyj6oh0hl02o7gbqvr466a","2025-11-23T06:04:46.398Z",,"cmifyix3j05oo2o7gwciou0jz",,"IDLE","IDLE",,"Location-2",45,
"cmifyj6oi0hl22o7gzk5quoz9","2025-11-24T04:04:46.398Z","cmifyiwh3052q2o7ggaqjvuig",,,"REFUELING","IDLE","Status change recorded","Location-5",132,
"cmifyj6oj0hl42o7g20n75cou","2025-11-23T08:04:46.398Z",,,"cmifyixm7065e2o7gx0sdwt3t","MAINTENANCE","IDLE","Status change recorded","Location-3",149,
"cmifyj6ok0hl62o7g1xr3wzby","2025-11-20T20:04:46.398Z",,"cmifyix3n05or2o7gvpq7hikb",,"IDLE","IDLE",,"Location-16",91,
"cmifyj6ol0hl82o7gb4ob5q3q","2025-11-23T08:04:46.398Z","cmifyiwh7052w2o7ga11c2s53",,,"LOADING","MAINTENANCE","Status change recorded","Location-9",110,
"cmifyj6on0hla2o7gqms7q8ct","2025-11-24T21:04:46.398Z","cmifyiwh9052y2o7gna61av4p",,,"LOADING","DUMPING","Status change recorded","Location-14",155,
"cmifyj6oo0hlc2o7gh9tufgg1","2025-11-22T03:04:46.398Z","cmifyiwha05302o7g02za4pe2",,,"IDLE","REFUELING","Status change recorded","Location-13",108,
"cmifyj6op0hle2o7ge0lhf4lx","2025-11-24T18:04:46.398Z","cmifyiwhc05322o7ghou39gxl",,,"HAULING","IDLE","Status change recorded","Location-5",165,
"cmifyj6oq0hlg2o7gfh8yxwhu","2025-11-24T14:04:46.398Z",,,"cmifyixme065k2o7g77i7jk78","IDLE","ACTIVE","Status change recorded","Location-18",115,
"cmifyj6or0hli2o7gb9twdvmz","2025-11-20T21:04:46.398Z","cmifyiwhf05362o7gmsc7bscj",,,"HAULING","MAINTENANCE","Status change recorded","Location-5",168,
"cmifyj6ot0hlk2o7gi6afaeji","2025-11-21T01:04:46.398Z","cmifyiwhg05382o7guoyhbmf4",,,"HAULING","LOADING","Status change recorded","Location-15",112,
"cmifyj6ou0hlm2o7g3w6y1gw7","2025-11-23T13:04:46.398Z","cmifyiwhi053a2o7gs0650szx",,,"DUMPING","IDLE","Status change recorded","Location-17",97,
"cmifyj6ov0hlo2o7gdzyck80x","2025-11-25T02:04:46.398Z","cmifyiwhk053c2o7gzhbxesif",,,"IDLE","HAULING","Status change recorded","Location-11",64,
"cmifyj6ow0hlq2o7g4v29iwr0","2025-11-25T02:04:46.398Z",,,"cmifyixmj065p2o7g9kt09xt4","ACTIVE","ACTIVE",,"Location-7",7,
"cmifyj6ox0hls2o7gb2st9pdr","2025-11-21T07:04:46.398Z","cmifyiwhn053g2o7gd5i43jxx",,,"DUMPING","IDLE","Status change recorded","Location-20",0,
"cmifyj6oy0hlu2o7gdt6vorwg","2025-11-22T11:04:46.398Z",,"cmifyix4205p32o7gezwjnhxk",,"MAINTENANCE","IDLE","Status change recorded","Location-7",27,
"cmifyj6p00hlw2o7g897mhxnk","2025-11-25T15:04:46.398Z","cmifyiwhq053k2o7g6xlnsi2m",,,"IDLE","HAULING","Status change recorded","Location-3",172,
"cmifyj6p10hly2o7gk3n1dvpj","2025-11-25T05:04:46.398Z",,,"cmifyixmn065t2o7g8wxi211w","IDLE","ACTIVE","Status change recorded","Location-4",103,
"cmifyj6p20hm02o7gxamjjr81","2025-11-20T15:04:46.398Z","cmifyiwht053o2o7gl6d0ebu1",,,"REFUELING","DUMPING","Status change recorded","Location-14",152,
"cmifyj6p40hm22o7ghsg9t6rq","2025-11-20T02:04:46.398Z",,"cmifyix4705p72o7gayp6xiv3",,"ACTIVE","MAINTENANCE","Status change recorded","Location-5",62,
"cmifyj6p50hm42o7gcb4mhr5l","2025-11-22T18:04:46.398Z","cmifyiwhw053s2o7gg0sg0c00",,,"REFUELING","MAINTENANCE","Status change recorded","Location-18",145,
"cmifyj6p60hm62o7gf6u8zthx","2025-11-20T14:04:46.398Z","cmifyiwhy053u2o7gjvx0wr62",,,"REFUELING","LOADING","Status change recorded","Location-13",14,
"cmifyj6p70hm82o7gwthy7h2d","2025-11-23T13:04:46.398Z","cmifyiwhz053w2o7gr8894vdk",,,"REFUELING","REFUELING",,"Location-18",65,
"cmifyj6p80hma2o7gtf02g0m2","2025-11-24T05:04:46.398Z",,"cmifyix4c05pb2o7gnjtuehcn",,"BREAKDOWN","MAINTENANCE","Status change recorded","Location-5",59,
"cmifyj6p90hmc2o7gl1fjjpl9","2025-11-26T01:04:46.398Z",,"cmifyix4d05pc2o7g8n2x2aca",,"IDLE","BREAKDOWN","Status change recorded","Location-11",92,
"cmifyj6pa0hme2o7gq8jpdgek","2025-11-25T18:04:46.398Z","cmifyiwi405422o7gtqbf0iib",,,"REFUELING","REFUELING",,"Location-6",162,
"cmifyj6pb0hmg2o7g1en8y2xt","2025-11-22T16:04:46.398Z",,,"cmifyixmw06622o7gvfhinbz6","IDLE","IDLE",,"Location-19",149,
"cmifyj6pc0hmi2o7ge10ke8ub","2025-11-26T06:04:46.398Z",,,"cmifyixmx06632o7g4w93sezx","IDLE","MAINTENANCE","Status change recorded","Location-4",28,
"cmifyj6pd0hmk2o7guz7bemb2","2025-11-21T01:04:46.398Z",,"cmifyix4i05pg2o7grcgirngm",,"ACTIVE","BREAKDOWN","Status change recorded","Location-18",115,
"cmifyj6pf0hmm2o7g5mwktv8c","2025-11-26T03:04:46.398Z","cmifyiwia054a2o7g6vewbugn",,,"DUMPING","DUMPING",,"Location-7",151,
"cmifyj6pg0hmo2o7gmx9k0b0w","2025-11-23T10:04:46.398Z","cmifyiwib054c2o7gbiv53ku3",,,"REFUELING","MAINTENANCE","Status change recorded","Location-3",94,
"cmifyj6ph0hmq2o7gcn5yixa9","2025-11-25T10:04:46.398Z",,"cmifyix4m05pj2o7g98r35yku",,"BREAKDOWN","MAINTENANCE","Status change recorded","Location-4",89,
"cmifyj6pi0hms2o7gbmsoyi63","2025-11-22T21:04:46.398Z","cmifyiwie054g2o7g0e4uli9d",,,"IDLE","IDLE",,"Location-4",139,
"cmifyj6pk0hmu2o7gh5jc2jbs","2025-11-25T19:04:46.398Z","cmifyiwig054i2o7gm5mubge7",,,"LOADING","REFUELING","Status change recorded","Location-3",17,
"cmifyj6pl0hmw2o7g6bw238ih","2025-11-21T04:04:46.398Z",,,"cmifyixn4066a2o7g80cyz8d3","IDLE","MAINTENANCE","Status change recorded","Location-9",110,
"cmifyj6pm0hmy2o7g1vyng2ed","2025-11-25T06:04:46.398Z","cmifyiwij054m2o7g64f5ps9n",,,"IDLE","MAINTENANCE","Status change recorded","Location-2",127,
"cmifyj6pn0hn02o7gbawb1b25","2025-11-22T21:04:46.398Z",,"cmifyix4s05po2o7g7d70wi5i",,"MAINTENANCE","IDLE","Status change recorded","Location-17",140,
"cmifyj6po0hn22o7gbokyqz2r","2025-11-21T16:04:46.398Z","cmifyiwim054q2o7gm53ce8qe",,,"HAULING","MAINTENANCE","Status change recorded","Location-12",16,
"cmifyj6pp0hn42o7gpxfyiyt4","2025-11-20T22:04:46.398Z","cmifyiwin054s2o7gev63vcee",,,"REFUELING","LOADING","Status change recorded","Location-10",109,
"cmifyj6pq0hn62o7g9ovhvax2","2025-11-24T07:04:46.398Z",,,"cmifyixna066f2o7grupipb7z","IDLE","MAINTENANCE","Status change recorded","Location-2",14,
"cmifyj6pr0hn82o7gstppx160","2025-11-22T00:04:46.398Z",,"cmifyix4x05ps2o7gy1lfwdxc",,"MAINTENANCE","BREAKDOWN","Status change recorded","Location-11",64,
"cmifyj6ps0hna2o7gj86lap1f","2025-11-25T12:04:46.398Z","cmifyiwis054y2o7guj30v6t6",,,"REFUELING","HAULING","Status change recorded","Location-5",8,
"cmifyj6pt0hnc2o7gnry2ncs4","2025-11-26T01:04:46.398Z",,"cmifyix5005pu2o7gjpr9ig56",,"ACTIVE","IDLE","Status change recorded","Location-11",0,
"cmifyj6pu0hne2o7g2vyz1ail","2025-11-19T20:04:46.398Z","cmifyiwiu05522o7gtoj8j6zn",,,"HAULING","REFUELING","Status change recorded","Location-7",48,
"cmifyj6pv0hng2o7gfjj0qyhb","2025-11-20T02:04:46.398Z",,"cmifyix5205pw2o7gi0vs6539",,"IDLE","MAINTENANCE","Status change recorded","Location-16",107,
"cmifyj6pw0hni2o7gtb99oo42","2025-11-20T00:04:46.398Z",,"cmifyix5405px2o7g940kf18i",,"IDLE","IDLE",,"Location-8",178,
"cmifyj6px0hnk2o7g6fpmf9ep","2025-11-24T15:04:46.398Z",,,"cmifyixng066m2o7gz4safsmx","MAINTENANCE","ACTIVE","Status change recorded","Location-13",4,
"cmifyj6py0hnm2o7gw8nkro2a","2025-11-21T13:04:46.398Z",,,"cmifyixnh066n2o7gto94jgnu","IDLE","ACTIVE","Status change recorded","Location-13",28,
"cmifyj6q00hno2o7g9oxtca15","2025-11-21T17:04:46.398Z","cmifyiwj2055c2o7gsw6i1er2",,,"IDLE","IDLE",,"Location-16",105,
"cmifyj6q10hnq2o7gf5llznj2","2025-11-20T16:04:46.398Z","cmifyiwj3055e2o7gyoi77q4o",,,"DUMPING","LOADING","Status change recorded","Location-7",65,
"cmifyj6q20hns2o7g07elophf","2025-11-24T14:04:46.398Z",,"cmifyix5a05q22o7glhti59nq",,"IDLE","MAINTENANCE","Status change recorded","Location-15",67,
"cmifyj6q30hnu2o7gvq8t48kg","2025-11-20T03:04:46.398Z","cmifyiwj6055i2o7ggdhfypn5",,,"REFUELING","DUMPING","Status change recorded","Location-19",138,
"cmifyj6q40hnw2o7g4jea1x53","2025-11-21T18:04:46.398Z",,,"cmifyixnn066s2o7g08eokfsn","ACTIVE","MAINTENANCE","Status change recorded","Location-5",133,
"cmifyj6q50hny2o7ga1q3l88v","2025-11-22T02:04:46.398Z","cmifyiwj9055m2o7gsx9dmclv",,,"MAINTENANCE","HAULING","Status change recorded","Location-3",107,
"cmifyj6q60ho02o7gs1rp7g2n","2025-11-19T18:04:46.398Z","cmifyiwjb055o2o7gnp5px1c6",,,"LOADING","LOADING",,"Location-5",91,
"cmifyj6q70ho22o7gz25tuw9k","2025-11-23T21:04:46.398Z",,"cmifyix5g05q72o7gqhik1ic7",,"BREAKDOWN","IDLE","Status change recorded","Location-6",126,
"cmifyj6q90ho42o7gggtuoqdt","2025-11-25T17:04:46.398Z","cmifyiwje055s2o7go680mxqg",,,"DUMPING","IDLE","Status change recorded","Location-5",135,
"cmifyj6qa0ho62o7g65360wwe","2025-11-20T22:04:46.398Z","cmifyiwjg055u2o7ggl4wp86f",,,"IDLE","DUMPING","Status change recorded","Location-13",122,
"cmifyj6qb0ho82o7gdsqom9mb","2025-11-25T20:04:46.398Z","cmifyiwjh055w2o7gnsjrd3ht",,,"MAINTENANCE","MAINTENANCE",,"Location-6",114,
"cmifyj6qc0hoa2o7gl75srw32","2025-11-22T01:04:46.398Z",,"cmifyix5l05qb2o7gnoi6mlh6",,"ACTIVE","IDLE","Status change recorded","Location-11",22,
"cmifyj6qd0hoc2o7g69jca6kt","2025-11-20T03:04:46.398Z","cmifyiwjk05602o7gd23hkul0",,,"HAULING","HAULING",,"Location-20",23,
"cmifyj6qe0hoe2o7gqzvr568k","2025-11-23T02:04:46.398Z","cmifyiwjl05622o7gy8iye8sy",,,"DUMPING","DUMPING",,"Location-4",140,
"cmifyj6qf0hog2o7gwy9eh1d5","2025-11-25T16:04:46.398Z","cmifyiwjm05642o7g8mmibtxl",,,"MAINTENANCE","REFUELING","Status change recorded","Location-3",38,
"cmifyj6qg0hoi2o7gsouejvmj","2025-11-20T11:04:46.398Z",,,"cmifyixnx06732o7grrhu6iah","MAINTENANCE","ACTIVE","Status change recorded","Location-1",38,
"cmifyj6qh0hok2o7g37at6bx3","2025-11-19T18:04:46.398Z","cmifyiwjp05682o7gatwes08i",,,"HAULING","MAINTENANCE","Status change recorded","Location-3",153,
"cmifyj6qi0hom2o7gftejfa0n","2025-11-23T16:04:46.398Z",,"cmifyix5t05qh2o7glut1k61p",,"BREAKDOWN","MAINTENANCE","Status change recorded","Location-17",109,
"cmifyj6qj0hoo2o7g0l10epeh","2025-11-23T00:04:46.398Z",,"cmifyix5u05qi2o7go6gnlpck",,"ACTIVE","MAINTENANCE","Status change recorded","Location-1",165,
"cmifyj6qk0hoq2o7gru50hbg6","2025-11-22T23:04:46.398Z",,,"cmifyixo106772o7g38ara77o","ACTIVE","ACTIVE",,"Location-19",12,
"cmifyj6ql0hos2o7gd6o38zko","2025-11-20T13:04:46.398Z",,,"cmifyixo206782o7gzl9ec3pc","ACTIVE","ACTIVE",,"Location-14",75,
"cmifyj6qm0hou2o7gw4gmf5ad","2025-11-24T09:04:46.398Z",,"cmifyix5x05ql2o7gqrtrqs6z",,"BREAKDOWN","MAINTENANCE","Status change recorded","Location-1",144,
"cmifyj6qn0how2o7gxv3hxhbx","2025-11-20T11:04:46.398Z","cmifyiwjy056k2o7gmto6wdju",,,"REFUELING","IDLE","Status change recorded","Location-12",164,
"cmifyj6qo0hoy2o7gkov5rc5x","2025-11-26T11:04:46.398Z",,"cmifyix6005qn2o7ga6nlzzpk",,"BREAKDOWN","ACTIVE","Status change recorded","Location-16",150,
"cmifyj6qp0hp02o7guu19mqz7","2025-11-23T19:04:46.398Z","cmifyiwk1056o2o7g5dv3auxc",,,"IDLE","MAINTENANCE","Status change recorded","Location-6",39,
"cmifyj6qq0hp22o7g406lmiyg","2025-11-25T00:04:46.398Z","cmifyiwk2056q2o7gmu8qlszt",,,"REFUELING","LOADING","Status change recorded","Location-7",134,
"cmifyj6qr0hp42o7gav7ibnes","2025-11-21T22:04:46.398Z","cmifyiwk4056s2o7gw1b1nxij",,,"REFUELING","REFUELING",,"Location-5",131,
"cmifyj6qs0hp62o7g7ct7nvwp","2025-11-24T10:04:46.398Z",,"cmifyix6505qr2o7gy9uah3eb",,"ACTIVE","BREAKDOWN","Status change recorded","Location-15",18,
"cmifyj6qt0hp82o7gs9q3m8lq","2025-11-19T14:04:46.398Z","cmifyiwk6056w2o7gd195041l",,,"REFUELING","DUMPING","Status change recorded","Location-9",72,
"cmifyj6qu0hpa2o7g8vbewl0s","2025-11-22T15:04:46.398Z","cmifyiwk8056y2o7gnt5lwszw",,,"IDLE","HAULING","Status change recorded","Location-7",37,
"cmifyj6qv0hpc2o7gjid4q5hp","2025-11-21T07:04:46.398Z",,,"cmifyixoc067i2o7g8ykvcf0v","IDLE","IDLE",,"Location-13",163,
"cmifyj6qx0hpe2o7gklbw04n7","2025-11-20T00:04:46.398Z",,,"cmifyixod067j2o7gxysx2f62","MAINTENANCE","ACTIVE","Status change recorded","Location-12",130,
"cmifyj6qy0hpg2o7gx1jen8sl","2025-11-25T08:04:46.398Z",,,"cmifyixod067k2o7giyxqn9r0","IDLE","MAINTENANCE","Status change recorded","Location-8",135,
"cmifyj6qz0hpi2o7gtuoxri3a","2025-11-25T08:04:46.398Z","cmifyiwke05762o7gfszia3os",,,"REFUELING","LOADING","Status change recorded","Location-15",168,
"cmifyj6r00hpk2o7gygje29kc","2025-11-25T02:04:46.398Z",,"cmifyix6d05qy2o7g2kt4hnre",,"MAINTENANCE","BREAKDOWN","Status change recorded","Location-6",38,
"cmifyj6r10hpm2o7go56xjgsj","2025-11-19T17:04:46.398Z","cmifyiwkh057a2o7g38e2k2te",,,"MAINTENANCE","HAULING","Status change recorded","Location-13",71,
"cmifyj6r20hpo2o7gl5lz24a3","2025-11-25T08:04:46.398Z","cmifyiwki057c2o7golypyfph",,,"LOADING","REFUELING","Status change recorded","Location-3",131,
"cmifyj6r30hpq2o7gsg7x2f9j","2025-11-22T05:04:46.398Z",,"cmifyix6g05r12o7gu6oof913",,"BREAKDOWN","ACTIVE","Status change recorded","Location-14",114,
"cmifyj6r40hps2o7gqrethu1w","2025-11-24T10:04:46.398Z","cmifyiwkm057g2o7gmtjy695g",,,"REFUELING","HAULING","Status change recorded","Location-10",10,
"cmifyj6r60hpu2o7gsomwavpw","2025-11-25T00:04:46.398Z","cmifyiwkn057i2o7gz4abz05x",,,"HAULING","LOADING","Status change recorded","Location-10",8,
"cmifyj6r70hpw2o7gq53p5acx","2025-11-20T23:04:46.398Z",,"cmifyix6l05r42o7g99lkn1jy",,"ACTIVE","ACTIVE",,"Location-10",102,
"cmifyj6r80hpy2o7g2cday8g9","2025-11-26T11:04:46.398Z","cmifyiwkr057m2o7goru5krgt",,,"DUMPING","MAINTENANCE","Status change recorded","Location-19",81,
"cmifyj6r90hq02o7g035r7f2k","2025-11-20T07:04:46.398Z",,,"cmifyixop067u2o7gsrbcz1yg","IDLE","IDLE",,"Location-20",88,
"cmifyj6ra0hq22o7gpxwwr136","2025-11-24T20:04:46.398Z","cmifyiwku057q2o7gtqbrlk3n",,,"DUMPING","HAULING","Status change recorded","Location-19",88,
"cmifyj6rb0hq42o7gmwo30khn","2025-11-23T04:04:46.398Z","cmifyiwkv057s2o7g0kizza05",,,"MAINTENANCE","HAULING","Status change recorded","Location-7",74,
"cmifyj6rc0hq62o7g9mys78du","2025-11-26T00:04:46.398Z","cmifyiwkx057u2o7glf7081tm",,,"LOADING","DUMPING","Status change recorded","Location-7",36,
"cmifyj6rd0hq82o7gyata93av","2025-11-21T08:04:46.398Z","cmifyiwkz057w2o7gkcwxh6vg",,,"IDLE","IDLE",,"Location-7",112,
"cmifyj6re0hqa2o7g37ffub5b","2025-11-24T09:04:46.398Z","cmifyiwl0057y2o7gkttghu8t",,,"LOADING","REFUELING","Status change recorded","Location-20",121,
"cmifyj6rf0hqc2o7gw8b0iubm","2025-11-23T16:04:46.398Z","cmifyiwl205802o7gwjdapbat",,,"HAULING","HAULING",,"Location-16",150,
"cmifyj6rh0hqe2o7g08vq1yt0","2025-11-20T08:04:46.398Z",,,"cmifyixow06812o7gdlibj77r","ACTIVE","ACTIVE",,"Location-1",121,
"cmifyj6ri0hqg2o7gq10mtmmk","2025-11-22T07:04:46.398Z","cmifyiwl505842o7g0azzjsk3",,,"HAULING","LOADING","Status change recorded","Location-1",90,
"cmifyj6rj0hqi2o7gnpriny4r","2025-11-25T22:04:46.398Z","cmifyiwl605862o7g3iew878l",,,"MAINTENANCE","IDLE","Status change recorded","Location-7",63,
"cmifyj6rk0hqk2o7g3bc91t88","2025-11-24T20:04:46.398Z","cmifyiwl805882o7g2tpwdluy",,,"HAULING","REFUELING","Status change recorded","Location-16",10,
"cmifyj6rl0hqm2o7g9ahxm7wn","2025-11-21T16:04:46.398Z","cmifyiwl9058a2o7gpaii69g5",,,"REFUELING","DUMPING","Status change recorded","Location-18",66,
"cmifyj6rm0hqo2o7g3gxni1fj","2025-11-22T16:04:46.398Z",,,"cmifyixp206862o7gpi5q0w0j","MAINTENANCE","IDLE","Status change recorded","Location-7",4,
"cmifyj6rn0hqq2o7ggrihj7we","2025-11-26T08:04:46.398Z",,"cmifyix7505rj2o7gmah6wfph",,"BREAKDOWN","IDLE","Status change recorded","Location-1",110,
"cmifyj6ro0hqs2o7g5dskote8","2025-11-22T02:04:46.398Z",,"cmifyix7605rk2o7gedtbai0x",,"IDLE","IDLE",,"Location-4",48,
"cmifyj6rp0hqu2o7gbyvkkd6l","2025-11-20T15:04:46.398Z",,"cmifyix7705rl2o7gd92uek07",,"IDLE","BREAKDOWN","Status change recorded","Location-19",50,
"cmifyj6rq0hqw2o7g1ru79ygs","2025-11-23T16:04:46.398Z","cmifyiwlh058k2o7g1rpdngys",,,"LOADING","LOADING",,"Location-16",163,
"cmifyj6rr0hqy2o7gbvuw7x7h","2025-11-23T11:04:46.398Z",,"cmifyix7905rn2o7gmb8i6i2t",,"MAINTENANCE","ACTIVE","Status change recorded","Location-20",164,
"cmifyj6rs0hr02o7g67t428i5","2025-11-19T22:04:46.398Z",,"cmifyix7b05ro2o7gh3ggd1cu",,"MAINTENANCE","ACTIVE","Status change recorded","Location-3",108,
"cmifyj6rt0hr22o7gf0s9xueo","2025-11-25T14:04:46.398Z","cmifyiwlm058q2o7gg1ip94ms",,,"LOADING","MAINTENANCE","Status change recorded","Location-13",58,
"cmifyj6rv0hr42o7gi26q00pj","2025-11-26T03:04:46.398Z","cmifyiwln058s2o7gdigpwn0u",,,"HAULING","DUMPING","Status change recorded","Location-9",41,
"cmifyj6rw0hr62o7g6nsgkxze","2025-11-25T23:04:46.398Z",,,"cmifyixpc068f2o7g4iimgeqe","ACTIVE","IDLE","Status change recorded","Location-3",36,
"cmifyj6rx0hr82o7gp5px07tx","2025-11-20T03:04:46.398Z","cmifyiwlr058w2o7g9ibat10v",,,"HAULING","DUMPING","Status change recorded","Location-15",162,
"cmifyj6ry0hra2o7gt1ueyo33","2025-11-25T23:04:46.398Z","cmifyiwls058y2o7gf56xz9sf",,,"LOADING","IDLE","Status change recorded","Location-20",21,
"cmifyj6rz0hrc2o7g5lsfme0u","2025-11-24T23:04:46.398Z","cmifyiwlu05902o7g59v3yeqf",,,"IDLE","DUMPING","Status change recorded","Location-17",12,
"cmifyj6s00hre2o7gt8gkhnnt","2025-11-23T12:04:46.398Z",,,"cmifyixpg068j2o7g9hzjorwo","MAINTENANCE","MAINTENANCE",,"Location-20",75,
"cmifyj6s10hrg2o7g6avh0tpq","2025-11-22T10:04:46.398Z","cmifyiwlx05942o7gwdzlqlq5",,,"HAULING","DUMPING","Status change recorded","Location-12",155,
"cmifyj6s20hri2o7gpxagn5lf","2025-11-25T15:04:46.398Z",,"cmifyix7m05rx2o7ga5el0vuv",,"MAINTENANCE","MAINTENANCE",,"Location-14",115,
"cmifyj6s40hrk2o7gyv2e74ww","2025-11-20T12:04:46.398Z","cmifyiwm005982o7gv47u7foj",,,"HAULING","HAULING",,"Location-3",179,
"cmifyj6s50hrm2o7g4jeaougp","2025-11-24T15:04:46.398Z",,,"cmifyixpk068n2o7gxt3jd83p","IDLE","MAINTENANCE","Status change recorded","Location-4",111,
"cmifyj6s60hro2o7gjgahjatt","2025-11-23T13:04:46.398Z",,,"cmifyixpl068o2o7gg43rf9ro","ACTIVE","ACTIVE",,"Location-11",73,
"cmifyj6s70hrq2o7gtjnu3nz2","2025-11-24T04:04:46.398Z","cmifyiwm4059e2o7g3a0chwli",,,"DUMPING","LOADING","Status change recorded","Location-16",26,
"cmifyj6s80hrs2o7g98bd39z1","2025-11-25T19:04:46.398Z","cmifyiwm6059g2o7g5njjkiv6",,,"REFUELING","MAINTENANCE","Status change recorded","Location-16",152,
"cmifyj6s90hru2o7g4lmaek2o","2025-11-23T19:04:46.398Z",,,"cmifyixpo068r2o7gbwc3qs3h","MAINTENANCE","IDLE","Status change recorded","Location-16",153,
"cmifyj6sa0hrw2o7gyt72l7w2","2025-11-23T10:04:46.398Z","cmifyiwm9059k2o7gy0w4l2w5",,,"HAULING","DUMPING","Status change recorded","Location-2",160,
"cmifyj6sb0hry2o7guk0lcbbj","2025-11-26T02:04:46.398Z",,"cmifyix7v05s52o7g9d0vcph0",,"IDLE","MAINTENANCE","Status change recorded","Location-15",78,
"cmifyj6sd0hs02o7gus8gmd6r","2025-11-25T10:04:46.398Z",,,"cmifyixpr068u2o7gscf4i8fv","MAINTENANCE","ACTIVE","Status change recorded","Location-14",122,
"cmifyj6se0hs22o7ghiv42znc","2025-11-23T06:04:46.398Z",,"cmifyix7y05s72o7gnty1qvr6",,"IDLE","ACTIVE","Status change recorded","Location-4",26,
"cmifyj6sf0hs42o7gywoth9qd","2025-11-25T02:04:46.398Z",,"cmifyix7z05s82o7gec3bjy8o",,"ACTIVE","IDLE","Status change recorded","Location-11",69,
"cmifyj6sg0hs62o7glnlwztnq","2025-11-25T08:04:46.398Z","cmifyiwmh059u2o7g2mg9l5o2",,,"REFUELING","HAULING","Status change recorded","Location-2",5,
"cmifyj6si0hs82o7gbtejxoaq","2025-11-20T00:04:46.398Z","cmifyiwmi059w2o7gz2hxgno0",,,"MAINTENANCE","LOADING","Status change recorded","Location-1",168,
"cmifyj6sj0hsa2o7gfhduozkj","2025-11-19T21:04:46.398Z","cmifyiwmj059y2o7gw08zgzg2",,,"MAINTENANCE","REFUELING","Status change recorded","Location-9",128,
"cmifyj6sk0hsc2o7gx6jdjy0c","2025-11-23T09:04:46.398Z",,"cmifyix8405sc2o7ghx59xdbh",,"ACTIVE","MAINTENANCE","Status change recorded","Location-2",157,
"cmifyj6sl0hse2o7gug4pa4f8","2025-11-22T11:04:46.398Z",,,"cmifyixpy06912o7gu312hc7h","MAINTENANCE","MAINTENANCE",,"Location-4",59,
"cmifyj6sm0hsg2o7gfzw9orsb","2025-11-23T13:04:46.398Z","cmifyiwmo05a42o7g0vqx2teu",,,"REFUELING","IDLE","Status change recorded","Location-9",57,
"cmifyj6sn0hsi2o7gdjyzarq2","2025-11-24T14:04:46.398Z","cmifyiwmq05a62o7gmhbwmqub",,,"DUMPING","DUMPING",,"Location-7",154,
"cmifyj6so0hsk2o7g25gndfk4","2025-11-25T02:04:46.398Z",,,"cmifyixq106942o7g7gh3d8pb","IDLE","MAINTENANCE","Status change recorded","Location-16",136,
"cmifyj6sp0hsm2o7gmqhe2cmi","2025-11-23T21:04:46.398Z","cmifyiwmt05aa2o7gg2fmrlxo",,,"REFUELING","IDLE","Status change recorded","Location-5",171,
"cmifyj6sq0hso2o7g1ro8kjlh","2025-11-20T08:04:46.398Z",,"cmifyix8b05si2o7gatbhjnd6",,"MAINTENANCE","IDLE","Status change recorded","Location-8",97,
"cmifyj6sr0hsq2o7gj5mwht7v","2025-11-21T18:04:46.398Z",,,"cmifyixq406972o7ggd20z0vx","ACTIVE","MAINTENANCE","Status change recorded","Location-4",113,
"cmifyj6ss0hss2o7gbokodndi","2025-11-21T06:04:46.398Z",,"cmifyix8e05sk2o7grp5rx5ch",,"IDLE","IDLE",,"Location-12",83,
"cmifyj6su0hsu2o7g64ktkwa8","2025-11-20T15:04:46.398Z","cmifyiwmy05ai2o7g89w732af",,,"LOADING","REFUELING","Status change recorded","Location-3",161,
"cmifyj6sv0hsw2o7ghycr55qr","2025-11-22T02:04:46.398Z","cmifyiwn005ak2o7gno24o13p",,,"LOADING","DUMPING","Status change recorded","Location-3",140,
"cmifyj6sw0hsy2o7gkohg724i","2025-11-21T18:04:46.398Z","cmifyiwn205am2o7gosj2gtg5",,,"LOADING","MAINTENANCE","Status change recorded","Location-18",131,
"cmifyj6sx0ht02o7gdlo8349q","2025-11-23T01:04:46.398Z",,,"cmifyixq9069c2o7gqjdupo6d","MAINTENANCE","ACTIVE","Status change recorded","Location-5",1,
"cmifyj6sy0ht22o7ghdss26qz","2025-11-21T15:04:46.398Z",,"cmifyix8k05sp2o7gxhd8umf2",,"MAINTENANCE","ACTIVE","Status change recorded","Location-17",86,
"cmifyj6sz0ht42o7gtr5bjx88","2025-11-24T23:04:46.398Z","cmifyiwn705as2o7g1ojqh7zf",,,"REFUELING","HAULING","Status change recorded","Location-18",138,
"cmifyj6t00ht62o7ggn99bntg","2025-11-25T12:04:46.398Z","cmifyiwn905au2o7g4b24yo7o",,,"REFUELING","MAINTENANCE","Status change recorded","Location-19",164,
"cmifyj6t10ht82o7g85z35chx","2025-11-24T01:04:46.398Z","cmifyiwna05aw2o7g3wnfrfsd",,,"IDLE","REFUELING","Status change recorded","Location-18",139,
"cmifyj6t20hta2o7gdticf1fd","2025-11-20T14:04:46.398Z","cmifyiwnc05ay2o7gfjo85yiw",,,"IDLE","IDLE",,"Location-13",125,
"cmifyj6t40htc2o7gk1v9jqye","2025-11-23T00:04:46.398Z",,"cmifyix8q05su2o7getzagmt8",,"MAINTENANCE","IDLE","Status change recorded","Location-19",94,
"cmifyj6t50hte2o7gnyqe1aho","2025-11-26T02:04:46.398Z",,"cmifyix8r05sv2o7goqjvuir5",,"BREAKDOWN","ACTIVE","Status change recorded","Location-17",103,
"cmifyj6t60htg2o7gvukzot81","2025-11-25T20:04:46.398Z","cmifyiwng05b42o7g68qf8rgl",,,"IDLE","MAINTENANCE","Status change recorded","Location-1",17,
"cmifyj6t70hti2o7guqpp8krf","2025-11-20T06:04:46.398Z",,"cmifyix8u05sx2o7g9gp6zpmg",,"ACTIVE","ACTIVE",,"Location-10",142,
"cmifyj6t80htk2o7gi0i9jlaw","2025-11-23T07:04:46.398Z",,"cmifyix8v05sy2o7gt1f0y4s4",,"IDLE","ACTIVE","Status change recorded","Location-2",140,
"cmifyj6t90htm2o7gcmt19i1m","2025-11-19T20:04:46.398Z",,,"cmifyixqk069n2o7gal1aglxt","IDLE","ACTIVE","Status change recorded","Location-13",31,
"cmifyj6ta0hto2o7gtd45nsxc","2025-11-24T08:04:46.398Z","cmifyiwnn05bc2o7gfiwsvhq9",,,"LOADING","HAULING","Status change recorded","Location-12",137,
"cmifyj6tc0htq2o7g5tfwddhq","2025-11-23T10:04:46.398Z","cmifyiwno05be2o7gxjle21pw",,,"IDLE","IDLE",,"Location-6",120,
"cmifyj6td0hts2o7gl0h6z9v0","2025-11-23T13:04:46.398Z","cmifyiwnp05bg2o7g7m4zqsax",,,"HAULING","IDLE","Status change recorded","Location-13",75,
"cmifyj6te0htu2o7g6yhsmbkk","2025-11-20T00:04:46.398Z","cmifyiwnr05bi2o7gfj2imhlm",,,"LOADING","HAULING","Status change recorded","Location-11",165,
"cmifyj6te0htw2o7g2whivvtq","2025-11-19T15:04:46.398Z",,,"cmifyixqp069s2o7gn6ugr2o5","ACTIVE","ACTIVE",,"Location-13",35,
"cmifyj6tf0hty2o7guoul1ktt","2025-11-25T02:04:46.398Z",,,"cmifyixqq069t2o7gbtkksqhc","MAINTENANCE","MAINTENANCE",,"Location-11",124,
"cmifyj6tg0hu02o7g8vpn72i8","2025-11-19T16:04:46.398Z","cmifyiwnv05bo2o7gkw1dhwht",,,"LOADING","REFUELING","Status change recorded","Location-11",92,
"cmifyj6th0hu22o7gzqbsdv6t","2025-11-23T21:04:46.398Z",,,"cmifyixqs069v2o7glith0yqw","MAINTENANCE","ACTIVE","Status change recorded","Location-3",135,
"cmifyj6ti0hu42o7ggocbu28w","2025-11-24T00:04:46.398Z","cmifyiwny05bs2o7gj4ydnz1g",,,"IDLE","MAINTENANCE","Status change recorded","Location-19",127,
"cmifyj6tj0hu62o7gqb7le198","2025-11-24T13:04:46.398Z",,"cmifyix9805t92o7gmrgmuq7y",,"BREAKDOWN","IDLE","Status change recorded","Location-19",8,
"cmifyj6tl0hu82o7g5rtmqf90","2025-11-24T05:04:46.398Z","cmifyiwo105bw2o7gyzgx5ozn",,,"REFUELING","DUMPING","Status change recorded","Location-16",140,
"cmifyj6tm0hua2o7gitxtfoou","2025-11-21T23:04:46.398Z","cmifyiwo305by2o7gqnjxlkii",,,"IDLE","DUMPING","Status change recorded","Location-6",71,
"cmifyj6tn0huc2o7gm0mkobf6","2025-11-25T20:04:46.398Z","cmifyiwo405c02o7gc7jnwdn6",,,"REFUELING","IDLE","Status change recorded","Location-10",109,
"cmifyj6to0hue2o7ghgogbn33","2025-11-21T17:04:46.398Z","cmifyiwo505c22o7g54okq9q4",,,"MAINTENANCE","MAINTENANCE",,"Location-19",153,
"cmifyj6tp0hug2o7gku193g8f","2025-11-23T00:04:46.398Z","cmifyiwo705c42o7gfxwjomz3",,,"DUMPING","LOADING","Status change recorded","Location-16",131,
"cmifyj6tq0hui2o7gnezhxpz2","2025-11-22T17:04:46.398Z",,,"cmifyixr006a32o7g568bi9uf","IDLE","IDLE",,"Location-6",172,
"cmifyj6tr0huk2o7gpc49hzeg","2025-11-22T13:04:46.398Z","cmifyiwoa05c82o7gqn5adjvf",,,"LOADING","REFUELING","Status change recorded","Location-19",177,
"cmifyj6ts0hum2o7gccs80lr3","2025-11-24T05:04:46.398Z",,"cmifyix9i05th2o7gairu8zru",,"ACTIVE","ACTIVE",,"Location-7",53,
"cmifyj6tu0huo2o7gh9jejvod","2025-11-23T09:04:46.398Z","cmifyiwod05cc2o7gnqh7ma6p",,,"HAULING","MAINTENANCE","Status change recorded","Location-6",96,
"cmifyj6tv0huq2o7gz4iqd0pu","2025-11-25T04:04:46.398Z","cmifyiwoe05ce2o7glglcp8dw",,,"HAULING","IDLE","Status change recorded","Location-11",81,
"cmifyj6tw0hus2o7gltfsf710","2025-11-23T16:04:46.398Z","cmifyiwog05cg2o7gk0fzakdg",,,"HAULING","REFUELING","Status change recorded","Location-19",45,
"cmifyj6tx0huu2o7ge48hkhzp","2025-11-22T13:04:46.398Z","cmifyiwoh05ci2o7g6fvjr5fs",,,"MAINTENANCE","DUMPING","Status change recorded","Location-4",92,
"cmifyj6ty0huw2o7gigih7zsv","2025-11-19T21:04:46.398Z","cmifyiwoj05ck2o7gc2fpp40h",,,"MAINTENANCE","LOADING","Status change recorded","Location-7",114,
"cmifyj6tz0huy2o7gjsgfzm1o","2025-11-22T16:04:46.398Z","cmifyiwok05cm2o7gee34mrla",,,"LOADING","DUMPING","Status change recorded","Location-3",30,
"cmifyj6u00hv02o7gq1abqa0n","2025-11-21T08:04:46.398Z",,,"cmifyixr906ac2o7g0ls0vzkh","ACTIVE","ACTIVE",,"Location-9",31,
"cmifyj6u10hv22o7gh8m6tbnd","2025-11-22T23:04:46.398Z",,"cmifyix9s05tp2o7gvpzioqjy",,"MAINTENANCE","ACTIVE","Status change recorded","Location-15",92,
"cmifyj6u20hv42o7gfusojey5","2025-11-24T03:04:46.398Z","cmifyiwoo05cs2o7g32k2o09l",,,"IDLE","HAULING","Status change recorded","Location-14",116,
"cmifyj6u30hv62o7gjfztq2a7","2025-11-24T23:04:46.398Z",,,"cmifyixrc06af2o7gkn9j21w5","IDLE","IDLE",,"Location-8",154,
"cmifyj6u40hv82o7gaibdf5t3","2025-11-20T13:04:46.398Z",,,"cmifyixrd06ag2o7g6sdsfj70","IDLE","ACTIVE","Status change recorded","Location-19",53,
"cmifyj6u50hva2o7gartcix2e","2025-11-25T12:04:46.398Z",,"cmifyix9x05tt2o7g5ku3j323",,"MAINTENANCE","BREAKDOWN","Status change recorded","Location-8",71,
"cmifyj6u60hvc2o7gh572wejf","2025-11-22T02:04:46.398Z",,,"cmifyixrf06ai2o7g9o95rx1a","ACTIVE","MAINTENANCE","Status change recorded","Location-12",26,
"cmifyj6u70hve2o7g4s4ys0e7","2025-11-24T07:04:46.398Z",,"cmifyix9z05tv2o7gcek1vevu",,"ACTIVE","ACTIVE",,"Location-14",17,
"cmifyj6u90hvg2o7g0amx4phn","2025-11-25T21:04:46.398Z","cmifyiwoy05d42o7gfvvnbykt",,,"IDLE","MAINTENANCE","Status change recorded","Location-3",68,
"cmifyj6ua0hvi2o7guzro8xad","2025-11-19T15:04:46.398Z",,"cmifyixa205tx2o7grnht28y6",,"IDLE","IDLE",,"Location-11",103,
"cmifyj6ub0hvk2o7gwc9950ws","2025-11-25T12:04:46.398Z",,,"cmifyixrj06am2o7ge958c997","ACTIVE","ACTIVE",,"Location-13",31,
"cmifyj6uc0hvm2o7g7mm4o65m","2025-11-24T16:04:46.398Z",,"cmifyixa405tz2o7gkbwhxeks",,"ACTIVE","ACTIVE",,"Location-9",161,
"cmifyj6ud0hvo2o7guyo26fgw","2025-11-21T21:04:46.398Z","cmifyiwp405dc2o7gbqip0nwi",,,"DUMPING","LOADING","Status change recorded","Location-17",49,
